frequency_Hz,value,error_lower,error_upper,gamma,marker_face_color
10.0,1.1218994331578438,0.011732914475513485,0.011732914475513485,0.05,[0.6 1.  0.6]
12.0,1.124444970522807,0.01480278731425602,0.01480278731425602,0.05,[0.6 1.  0.6]
14.0,1.1314639817293433,0.009754194797805564,0.009754194797805564,0.05,[0.6 1.  0.6]
16.0,1.1059680475610145,0.006909484179691517,0.006909484179691517,0.05,[0.6 1.  0.6]
18.0,1.0642426805375034,0.0064601601977242774,0.0064601601977242774,0.05,[0.6 1.  0.6]
20.0,1.0441208017504178,0.004316677983580469,0.004316677983580469,0.05,[0.6 1.  0.6]
22.0,0.9886672760718307,0.0029632136174757733,0.0029632136174757733,0.05,[0.6 1.  0.6]
25.0,0.9461065078949631,0.00454896468487606,0.00454896468487606,0.05,[0.6 1.  0.6]
28.0,0.8976008634293244,0.005362548121666974,0.005362548121666974,0.05,[0.6 1.  0.6]
30.0,0.8817322617513524,0.0014401434225662204,0.0014401434225662204,0.05,[0.6 1.  0.6]
35.0,0.8372448646583419,0.002083529374638791,0.002083529374638791,0.05,[0.6 1.  0.6]
40.0,0.7559467620007075,0.004495895600196128,0.004495895600196128,0.05,[0.6 1.  0.6]
45.0,0.7515975576805368,0.005817443281680584,0.005817443281680584,0.05,[0.6 1.  0.6]
50.0,0.7269413446288078,0.003414254641968081,0.003414254641968081,0.05,[0.6 1.  0.6]
60.0,0.683189903437599,0.002923803053854392,0.002923803053854392,0.05,[0.6 1.  0.6]
70.0,0.6470159281285375,0.00406537301284576,0.00406537301284576,0.05,[0.6 1.  0.6]
80.0,0.6227292712916277,0.0036067548152042372,0.0036067548152042372,0.05,[0.6 1.  0.6]
90.0,0.6073939986043856,0.003099807507629463,0.003099807507629463,0.05,[0.6 1.  0.6]
100.0,0.5846965262923753,0.012266736862300402,0.012266736862300402,0.05,[0.6 1.  0.6]
10.0,1.1178430564357862,0.008939036891121684,0.008939036891121684,0.2,[0.35 0.75 0.35]
12.0,1.1231311492816798,0.008704808876561186,0.008704808876561186,0.2,[0.35 0.75 0.35]
14.0,1.1263014977938128,0.0036713157904041706,0.0036713157904041706,0.2,[0.35 0.75 0.35]
16.0,1.1046966287249804,0.003696667077845825,0.003696667077845825,0.2,[0.35 0.75 0.35]
18.0,1.0801332414962501,0.005022279815201689,0.005022279815201689,0.2,[0.35 0.75 0.35]
20.0,1.0432824938277254,0.004928124179334985,0.004928124179334985,0.2,[0.35 0.75 0.35]
22.0,0.9950117624198468,0.004414317398685786,0.004414317398685786,0.2,[0.35 0.75 0.35]
25.0,0.9462033145727056,0.0048512800032951995,0.0048512800032951995,0.2,[0.35 0.75 0.35]
28.0,0.9018487423991782,0.004402971575987957,0.004402971575987957,0.2,[0.35 0.75 0.35]
30.0,0.8767260265230772,0.0035096248909723396,0.0035096248909723396,0.2,[0.35 0.75 0.35]
35.0,0.8288554028842268,0.004375300245904409,0.004375300245904409,0.2,[0.35 0.75 0.35]
40.0,0.7317338137784111,0.002182876969886847,0.002182876969886847,0.2,[0.35 0.75 0.35]
45.0,0.7596629424433212,0.002823033996905586,0.002823033996905586,0.2,[0.35 0.75 0.35]
50.0,0.728753429608932,0.00205327840322894,0.00205327840322894,0.2,[0.35 0.75 0.35]
60.0,0.6833993783020317,0.0025017618871934983,0.0025017618871934983,0.2,[0.35 0.75 0.35]
70.0,0.6463465005091859,0.005323273798818102,0.005323273798818102,0.2,[0.35 0.75 0.35]
80.0,0.6416631649295873,0.002258401824556349,0.002258401824556349,0.2,[0.35 0.75 0.35]
90.0,0.6268334134840203,0.005700724433137751,0.005700724433137751,0.2,[0.35 0.75 0.35]
100.0,0.602296232552657,0.0025011887039979113,0.0025011887039979113,0.2,[0.35 0.75 0.35]
10.0,1.122603109276071,0.006207399367185067,0.006207399367185067,0.5,[0.1 0.5 0.1]
12.0,1.1137507644009292,0.0017975240235455284,0.0017975240235455284,0.5,[0.1 0.5 0.1]
14.0,1.1271970657023047,0.0032658183874237643,0.0032658183874237643,0.5,[0.1 0.5 0.1]
16.0,1.1033472922890308,0.004485782143171388,0.004485782143171388,0.5,[0.1 0.5 0.1]
18.0,1.0749035373921032,0.004003279459885375,0.004003279459885375,0.5,[0.1 0.5 0.1]
20.0,1.0517953487300145,0.00252298990034555,0.00252298990034555,0.5,[0.1 0.5 0.1]
22.0,0.9926518117737524,0.0026412041059076714,0.0026412041059076714,0.5,[0.1 0.5 0.1]
25.0,0.9515820304237151,0.0035807754560068694,0.0035807754560068694,0.5,[0.1 0.5 0.1]
28.0,0.9029983690051522,0.0025210423066549456,0.0025210423066549456,0.5,[0.1 0.5 0.1]
30.0,0.8804696576610282,0.00233097432552191,0.00233097432552191,0.5,[0.1 0.5 0.1]
35.0,0.8322324263388138,0.004700894398386425,0.004700894398386425,0.5,[0.1 0.5 0.1]
40.0,0.7537642292931365,0.004824507425083051,0.004824507425083051,0.5,[0.1 0.5 0.1]
45.0,0.7677939883012884,0.0033862133881224017,0.0033862133881224017,0.5,[0.1 0.5 0.1]
50.0,0.731962650721945,0.001974244878800028,0.001974244878800028,0.5,[0.1 0.5 0.1]
60.0,0.6855970835456959,0.0044317709021381956,0.0044317709021381956,0.5,[0.1 0.5 0.1]
70.0,0.6630730902091336,0.003558940628679365,0.003558940628679365,0.5,[0.1 0.5 0.1]
80.0,0.642132513864505,0.0016461006769492147,0.0016461006769492147,0.5,[0.1 0.5 0.1]
90.0,0.6225943580725206,0.0030823011600059867,0.0030823011600059867,0.5,[0.1 0.5 0.1]
100.0,0.623047430250323,0.0017397647907096622,0.0017397647907096622,0.5,[0.1 0.5 0.1]
