time_s,CoM_cm,eta_boundary_cm
0.000000e+00,0.000000e+00,0.000000e+00
2.083333e-04,-3.191011e-05,8.167181e-11
4.166667e-04,-9.343454e-05,2.524577e-10
6.250000e-04,-1.825846e-04,5.179794e-10
8.333333e-04,-2.975325e-04,8.827709e-10
1.041667e-03,-4.365522e-04,1.350582e-09
1.250000e-03,-5.979912e-04,1.924539e-09
1.458333e-03,-7.802550e-04,2.607244e-09
1.666667e-03,-9.817988e-04,3.400844e-09
1.875000e-03,-1.201124e-03,4.307082e-09
2.083333e-03,-1.436776e-03,5.327346e-09
2.291667e-03,-1.687344e-03,6.462698e-09
2.500000e-03,-1.951465e-03,7.713912e-09
2.708333e-03,-2.227821e-03,9.081501e-09
2.916667e-03,-2.515146e-03,1.056575e-08
3.125000e-03,-2.812226e-03,1.216674e-08
3.333333e-03,-3.117905e-03,1.388438e-08
3.541667e-03,-3.431084e-03,1.571844e-08
3.750000e-03,-3.750727e-03,1.766859e-08
3.958333e-03,-4.075861e-03,1.973441e-08
4.166667e-03,-4.405581e-03,2.191547e-08
4.375000e-03,-4.739052e-03,2.421136e-08
4.583333e-03,-5.075508e-03,2.662170e-08
4.791667e-03,-5.414255e-03,2.914623e-08
5.000000e-03,-5.754672e-03,3.178483e-08
5.208333e-03,-6.096210e-03,3.453753e-08
5.416667e-03,-6.438396e-03,3.740459e-08
5.625000e-03,-6.780824e-03,4.038644e-08
5.833333e-03,-7.123162e-03,4.348376e-08
6.041667e-03,-7.465146e-03,4.669747e-08
6.250000e-03,-7.806577e-03,5.002867e-08
6.458333e-03,-8.147322e-03,5.347870e-08
6.666667e-03,-8.487306e-03,5.704908e-08
6.875000e-03,-8.826511e-03,6.074149e-08
7.083333e-03,-9.164971e-03,6.455776e-08
7.291667e-03,-9.502767e-03,6.849983e-08
7.500000e-03,-9.840023e-03,7.256975e-08
7.708333e-03,-1.017690e-02,7.676961e-08
7.916667e-03,-1.051359e-02,8.110156e-08
8.125000e-03,-1.085031e-02,8.556776e-08
8.333333e-03,-1.118730e-02,9.017035e-08
8.541667e-03,-1.152481e-02,9.491146e-08
8.750000e-03,-1.186310e-02,9.979318e-08
8.958333e-03,-1.220244e-02,1.048175e-07
9.166667e-03,-1.254308e-02,1.099864e-07
9.375000e-03,-1.288528e-02,1.153017e-07
9.583333e-03,-1.322926e-02,1.207652e-07
9.791667e-03,-1.357524e-02,1.263784e-07
1.000000e-02,-1.392342e-02,1.321429e-07
1.020833e-02,-1.427395e-02,1.380599e-07
1.041667e-02,-1.462697e-02,1.441308e-07
1.062500e-02,-1.498256e-02,1.503565e-07
1.083333e-02,-1.534078e-02,1.567379e-07
1.104167e-02,-1.570164e-02,1.632757e-07
1.125000e-02,-1.606511e-02,1.699704e-07
1.145833e-02,-1.643110e-02,1.768223e-07
1.166667e-02,-1.679949e-02,1.838315e-07
1.187500e-02,-1.717012e-02,1.909980e-07
1.208333e-02,-1.754275e-02,1.983215e-07
1.229167e-02,-1.791714e-02,2.058015e-07
1.250000e-02,-1.829297e-02,2.134374e-07
1.270833e-02,-1.866989e-02,2.212281e-07
1.291667e-02,-1.904752e-02,2.291727e-07
1.312500e-02,-1.942543e-02,2.372699e-07
1.333333e-02,-1.980318e-02,2.455181e-07
1.354167e-02,-2.018027e-02,2.539158e-07
1.375000e-02,-2.055620e-02,2.624611e-07
1.395833e-02,-2.093044e-02,2.711519e-07
1.416667e-02,-2.130245e-02,2.799861e-07
1.437500e-02,-2.167168e-02,2.889613e-07
1.458333e-02,-2.203758e-02,2.980751e-07
1.479167e-02,-2.239958e-02,3.073249e-07
1.500000e-02,-2.275716e-02,3.167081e-07
1.520833e-02,-2.310976e-02,3.262217e-07
1.541667e-02,-2.345688e-02,3.358629e-07
1.562500e-02,-2.379802e-02,3.456289e-07
1.583333e-02,-2.413271e-02,3.555166e-07
1.604167e-02,-2.446053e-02,3.655230e-07
1.625000e-02,-2.478106e-02,3.756452e-07
1.645833e-02,-2.509396e-02,3.858801e-07
1.666667e-02,-2.539891e-02,3.962247e-07
1.687500e-02,-2.569565e-02,4.066761e-07
1.708333e-02,-2.598396e-02,4.172314e-07
1.729167e-02,-2.626367e-02,4.278879e-07
1.750000e-02,-2.653468e-02,4.386428e-07
1.770833e-02,-2.679694e-02,4.494935e-07
1.791667e-02,-2.705044e-02,4.604376e-07
1.812500e-02,-2.729524e-02,4.714726e-07
1.833333e-02,-2.753145e-02,4.825964e-07
1.854167e-02,-2.775924e-02,4.938069e-07
1.875000e-02,-2.797881e-02,5.051022e-07
1.895833e-02,-2.819044e-02,5.164805e-07
1.916667e-02,-2.839442e-02,5.279403e-07
1.937500e-02,-2.859113e-02,5.394801e-07
1.958333e-02,-2.878094e-02,5.510986e-07
1.979167e-02,-2.896428e-02,5.627949e-07
2.000000e-02,-2.914162e-02,5.745679e-07
2.020833e-02,-2.931343e-02,5.864169e-07
2.041667e-02,-2.948022e-02,5.983414e-07
2.062500e-02,-2.964250e-02,6.103408e-07
2.083333e-02,-2.980080e-02,6.224149e-07
2.104167e-02,-2.995565e-02,6.345634e-07
2.125000e-02,-3.010758e-02,6.467863e-07
2.145833e-02,-3.025711e-02,6.590835e-07
2.166667e-02,-3.040475e-02,6.714553e-07
2.187500e-02,-3.055099e-02,6.839018e-07
2.208333e-02,-3.069628e-02,6.964233e-07
2.229167e-02,-3.084108e-02,7.090200e-07
2.250000e-02,-3.098578e-02,7.216923e-07
2.270833e-02,-3.113076e-02,7.344406e-07
2.291667e-02,-3.127634e-02,7.472651e-07
2.312500e-02,-3.142280e-02,7.601661e-07
2.333333e-02,-3.157038e-02,7.731440e-07
2.354167e-02,-3.171927e-02,7.861991e-07
2.375000e-02,-3.186960e-02,7.993313e-07
2.395833e-02,-3.202146e-02,8.125409e-07
2.416667e-02,-3.217487e-02,8.258279e-07
2.437500e-02,-3.232982e-02,8.391922e-07
2.458333e-02,-3.248624e-02,8.526335e-07
2.479167e-02,-3.264399e-02,8.661515e-07
2.500000e-02,-3.280290e-02,8.797458e-07
2.520833e-02,-3.296276e-02,8.934158e-07
2.541667e-02,-3.312330e-02,9.071609e-07
2.562500e-02,-3.328420e-02,9.209800e-07
2.583333e-02,-3.344514e-02,9.348724e-07
2.604167e-02,-3.360573e-02,9.488368e-07
2.625000e-02,-3.376556e-02,9.628720e-07
2.645833e-02,-3.392420e-02,9.769767e-07
2.666667e-02,-3.408122e-02,9.911492e-07
2.687500e-02,-3.423614e-02,1.005388e-06
2.708333e-02,-3.438850e-02,1.019692e-06
2.729167e-02,-3.453782e-02,1.034058e-06
2.750000e-02,-3.468363e-02,1.048485e-06
2.770833e-02,-3.482548e-02,1.062971e-06
2.791667e-02,-3.496291e-02,1.077514e-06
2.812500e-02,-3.509549e-02,1.092112e-06
2.833333e-02,-3.522283e-02,1.106762e-06
2.854167e-02,-3.534455e-02,1.121463e-06
2.875000e-02,-3.546030e-02,1.136213e-06
2.895833e-02,-3.556979e-02,1.151009e-06
2.916667e-02,-3.567274e-02,1.165849e-06
2.937500e-02,-3.576895e-02,1.180732e-06
2.958333e-02,-3.585824e-02,1.195655e-06
2.979167e-02,-3.594048e-02,1.210616e-06
3.000000e-02,-3.601562e-02,1.225615e-06
3.020833e-02,-3.608362e-02,1.240648e-06
3.041667e-02,-3.614453e-02,1.255715e-06
3.062500e-02,-3.619844e-02,1.270814e-06
3.083333e-02,-3.624548e-02,1.285944e-06
3.104167e-02,-3.628584e-02,1.301104e-06
3.125000e-02,-3.631977e-02,1.316292e-06
3.145833e-02,-3.634756e-02,1.331508e-06
3.166667e-02,-3.636953e-02,1.346752e-06
3.187500e-02,-3.638606e-02,1.362022e-06
3.208333e-02,-3.639756e-02,1.377319e-06
3.229167e-02,-3.640447e-02,1.392642e-06
3.250000e-02,-3.640727e-02,1.407991e-06
3.270833e-02,-3.640645e-02,1.423366e-06
3.291667e-02,-3.640252e-02,1.438768e-06
3.312500e-02,-3.639601e-02,1.454197e-06
3.333333e-02,-3.638746e-02,1.469653e-06
3.354167e-02,-3.637741e-02,1.485138e-06
3.375000e-02,-3.636638e-02,1.500652e-06
3.395833e-02,-3.635492e-02,1.516195e-06
3.416667e-02,-3.634352e-02,1.531769e-06
3.437500e-02,-3.633267e-02,1.547375e-06
3.458333e-02,-3.632286e-02,1.563014e-06
3.479167e-02,-3.631451e-02,1.578687e-06
3.500000e-02,-3.630803e-02,1.594394e-06
3.520833e-02,-3.630379e-02,1.610138e-06
3.541667e-02,-3.630211e-02,1.625920e-06
3.562500e-02,-3.630327e-02,1.641739e-06
3.583333e-02,-3.630750e-02,1.657598e-06
3.604167e-02,-3.631499e-02,1.673497e-06
3.625000e-02,-3.632587e-02,1.689437e-06
3.645833e-02,-3.634020e-02,1.705420e-06
3.666667e-02,-3.635803e-02,1.721445e-06
3.687500e-02,-3.637931e-02,1.737513e-06
3.708333e-02,-3.640396e-02,1.753625e-06
3.729167e-02,-3.643186e-02,1.769781e-06
3.750000e-02,-3.646282e-02,1.785982e-06
3.770833e-02,-3.649661e-02,1.802227e-06
3.791667e-02,-3.653295e-02,1.818516e-06
3.812500e-02,-3.657152e-02,1.834850e-06
3.833333e-02,-3.661197e-02,1.851227e-06
3.854167e-02,-3.665391e-02,1.867647e-06
3.875000e-02,-3.669693e-02,1.884110e-06
3.895833e-02,-3.674057e-02,1.900615e-06
3.916667e-02,-3.678439e-02,1.917160e-06
3.937500e-02,-3.682790e-02,1.933746e-06
3.958333e-02,-3.687062e-02,1.950370e-06
3.979167e-02,-3.691206e-02,1.967031e-06
4.000000e-02,-3.695174e-02,1.983728e-06
4.020833e-02,-3.698918e-02,2.000460e-06
4.041667e-02,-3.702393e-02,2.017225e-06
4.062500e-02,-3.705554e-02,2.034022e-06
4.083333e-02,-3.708358e-02,2.050848e-06
4.104167e-02,-3.710767e-02,2.067703e-06
4.125000e-02,-3.712745e-02,2.084584e-06
4.145833e-02,-3.714261e-02,2.101490e-06
4.166667e-02,-3.715286e-02,2.118420e-06
4.187500e-02,-3.715796e-02,2.135372e-06
4.208333e-02,-3.715774e-02,2.152344e-06
4.229167e-02,-3.715205e-02,2.169334e-06
4.250000e-02,-3.714081e-02,2.186343e-06
4.270833e-02,-3.712398e-02,2.203368e-06
4.291667e-02,-3.710159e-02,2.220408e-06
4.312500e-02,-3.707370e-02,2.237462e-06
4.333333e-02,-3.704043e-02,2.254529e-06
4.354167e-02,-3.700197e-02,2.271609e-06
4.375000e-02,-3.695853e-02,2.288701e-06
4.395833e-02,-3.691039e-02,2.305805e-06
4.416667e-02,-3.685786e-02,2.322919e-06
4.437500e-02,-3.680129e-02,2.340045e-06
4.458333e-02,-3.674110e-02,2.357182e-06
4.479167e-02,-3.667768e-02,2.374329e-06
4.500000e-02,-3.661152e-02,2.391489e-06
4.520833e-02,-3.654307e-02,2.408660e-06
4.541667e-02,-3.647285e-02,2.425844e-06
4.562500e-02,-3.640136e-02,2.443041e-06
4.583333e-02,-3.632912e-02,2.460252e-06
4.604167e-02,-3.625665e-02,2.477478e-06
4.625000e-02,-3.618447e-02,2.494720e-06
4.645833e-02,-3.611309e-02,2.511980e-06
4.666667e-02,-3.604301e-02,2.529258e-06
4.687500e-02,-3.597470e-02,2.546556e-06
4.708333e-02,-3.590861e-02,2.563875e-06
4.729167e-02,-3.584517e-02,2.581216e-06
4.750000e-02,-3.578476e-02,2.598582e-06
4.770833e-02,-3.572774e-02,2.615972e-06
4.791667e-02,-3.567441e-02,2.633389e-06
4.812500e-02,-3.562504e-02,2.650834e-06
4.833333e-02,-3.557985e-02,2.668308e-06
4.854167e-02,-3.553900e-02,2.685812e-06
4.875000e-02,-3.550260e-02,2.703348e-06
4.895833e-02,-3.547073e-02,2.720916e-06
4.916667e-02,-3.544338e-02,2.738517e-06
4.937500e-02,-3.542051e-02,2.756152e-06
4.958333e-02,-3.540204e-02,2.773822e-06
4.979167e-02,-3.538780e-02,2.791528e-06
5.000000e-02,-3.537761e-02,2.809269e-06
5.020833e-02,-3.537121e-02,2.827047e-06
5.041667e-02,-3.536832e-02,2.844860e-06
5.062500e-02,-3.536860e-02,2.862710e-06
5.083333e-02,-3.537169e-02,2.880595e-06
5.104167e-02,-3.537718e-02,2.898516e-06
5.125000e-02,-3.538464e-02,2.916472e-06
5.145833e-02,-3.539362e-02,2.934462e-06
5.166667e-02,-3.540364e-02,2.952486e-06
5.187500e-02,-3.541421e-02,2.970543e-06
5.208333e-02,-3.542483e-02,2.988632e-06
5.229167e-02,-3.543502e-02,3.006751e-06
5.250000e-02,-3.544426e-02,3.024899e-06
5.270833e-02,-3.545207e-02,3.043076e-06
5.291667e-02,-3.545797e-02,3.061279e-06
5.312500e-02,-3.546152e-02,3.079508e-06
5.333333e-02,-3.546227e-02,3.097760e-06
5.354167e-02,-3.545983e-02,3.116034e-06
5.375000e-02,-3.545383e-02,3.134330e-06
5.395833e-02,-3.544393e-02,3.152644e-06
5.416667e-02,-3.542984e-02,3.170977e-06
5.437500e-02,-3.541132e-02,3.189326e-06
5.458333e-02,-3.538817e-02,3.207689e-06
5.479167e-02,-3.536025e-02,3.226067e-06
5.500000e-02,-3.532744e-02,3.244456e-06
5.520833e-02,-3.528972e-02,3.262857e-06
5.541667e-02,-3.524707e-02,3.281269e-06
5.562500e-02,-3.519958e-02,3.299689e-06
5.583333e-02,-3.514734e-02,3.318118e-06
5.604167e-02,-3.509053e-02,3.336554e-06
5.625000e-02,-3.502935e-02,3.354998e-06
5.645833e-02,-3.496407e-02,3.373449e-06
5.666667e-02,-3.489500e-02,3.391907e-06
5.687500e-02,-3.482247e-02,3.410371e-06
5.708333e-02,-3.474687e-02,3.428841e-06
5.729167e-02,-3.466863e-02,3.447319e-06
5.750000e-02,-3.458818e-02,3.465804e-06
5.770833e-02,-3.450599e-02,3.484296e-06
5.791667e-02,-3.442256e-02,3.502797e-06
5.812500e-02,-3.433838e-02,3.521307e-06
5.833333e-02,-3.425397e-02,3.539828e-06
5.854167e-02,-3.416983e-02,3.558359e-06
5.875000e-02,-3.408648e-02,3.576903e-06
5.895833e-02,-3.400442e-02,3.595460e-06
5.916667e-02,-3.392413e-02,3.614032e-06
5.937500e-02,-3.384609e-02,3.632620e-06
5.958333e-02,-3.377073e-02,3.651225e-06
5.979167e-02,-3.369847e-02,3.669850e-06
6.000000e-02,-3.362969e-02,3.688494e-06
6.020833e-02,-3.356473e-02,3.707160e-06
6.041667e-02,-3.350389e-02,3.725849e-06
6.062500e-02,-3.344744e-02,3.744563e-06
6.083333e-02,-3.339557e-02,3.763302e-06
6.104167e-02,-3.334845e-02,3.782068e-06
6.125000e-02,-3.330619e-02,3.800862e-06
6.145833e-02,-3.326884e-02,3.819685e-06
6.166667e-02,-3.323640e-02,3.838538e-06
6.187500e-02,-3.320882e-02,3.857421e-06
6.208333e-02,-3.318600e-02,3.876337e-06
6.229167e-02,-3.316778e-02,3.895284e-06
6.250000e-02,-3.315396e-02,3.914264e-06
6.270833e-02,-3.314429e-02,3.933277e-06
6.291667e-02,-3.313846e-02,3.952322e-06
6.312500e-02,-3.313615e-02,3.971401e-06
6.333333e-02,-3.313696e-02,3.990512e-06
6.354167e-02,-3.314051e-02,4.009656e-06
6.375000e-02,-3.314634e-02,4.028831e-06
6.395833e-02,-3.315400e-02,4.048038e-06
6.416667e-02,-3.316301e-02,4.067275e-06
6.437500e-02,-3.317286e-02,4.086542e-06
6.458333e-02,-3.318306e-02,4.105838e-06
6.479167e-02,-3.319311e-02,4.125161e-06
6.500000e-02,-3.320249e-02,4.144510e-06
6.520833e-02,-3.321072e-02,4.163885e-06
6.541667e-02,-3.321732e-02,4.183283e-06
6.562500e-02,-3.322182e-02,4.202703e-06
6.583333e-02,-3.322378e-02,4.222143e-06
6.604167e-02,-3.322281e-02,4.241603e-06
6.625000e-02,-3.321852e-02,4.261081e-06
6.645833e-02,-3.321058e-02,4.280575e-06
6.666667e-02,-3.319869e-02,4.300084e-06
6.687500e-02,-3.318260e-02,4.319605e-06
6.708333e-02,-3.316211e-02,4.339139e-06
6.729167e-02,-3.313706e-02,4.358683e-06
6.750000e-02,-3.310736e-02,4.378236e-06
6.770833e-02,-3.307294e-02,4.397798e-06
6.791667e-02,-3.303383e-02,4.417366e-06
6.812500e-02,-3.299006e-02,4.436941e-06
6.833333e-02,-3.294175e-02,4.456521e-06
6.854167e-02,-3.288906e-02,4.476105e-06
6.875000e-02,-3.283220e-02,4.495694e-06
6.895833e-02,-3.277142e-02,4.515286e-06
6.916667e-02,-3.270703e-02,4.534881e-06
6.937500e-02,-3.263937e-02,4.554480e-06
6.958333e-02,-3.256881e-02,4.574082e-06
6.979167e-02,-3.249578e-02,4.593688e-06
7.000000e-02,-3.242070e-02,4.613298e-06
7.020833e-02,-3.234406e-02,4.632912e-06
7.041667e-02,-3.226632e-02,4.652531e-06
7.062500e-02,-3.218800e-02,4.672156e-06
7.083333e-02,-3.210960e-02,4.691788e-06
7.104167e-02,-3.203162e-02,4.711428e-06
7.125000e-02,-3.195457e-02,4.731076e-06
7.145833e-02,-3.187895e-02,4.750734e-06
7.166667e-02,-3.180524e-02,4.770404e-06
7.187500e-02,-3.173391e-02,4.790086e-06
7.208333e-02,-3.166539e-02,4.809781e-06
7.229167e-02,-3.160010e-02,4.829492e-06
7.250000e-02,-3.153842e-02,4.849220e-06
7.270833e-02,-3.148068e-02,4.868966e-06
7.291667e-02,-3.142718e-02,4.888731e-06
7.312500e-02,-3.137818e-02,4.908516e-06
7.333333e-02,-3.133387e-02,4.928324e-06
7.354167e-02,-3.129443e-02,4.948154e-06
7.375000e-02,-3.125994e-02,4.968009e-06
7.395833e-02,-3.123047e-02,4.987889e-06
7.416667e-02,-3.120601e-02,5.007795e-06
7.437500e-02,-3.118651e-02,5.027728e-06
7.458333e-02,-3.117186e-02,5.047689e-06
7.479167e-02,-3.116191e-02,5.067677e-06
7.500000e-02,-3.115645e-02,5.087694e-06
7.520833e-02,-3.115521e-02,5.107740e-06
7.541667e-02,-3.115791e-02,5.127815e-06
7.562500e-02,-3.116420e-02,5.147918e-06
7.583333e-02,-3.117371e-02,5.168050e-06
7.604167e-02,-3.118601e-02,5.188210e-06
7.625000e-02,-3.120069e-02,5.208398e-06
7.645833e-02,-3.121725e-02,5.228613e-06
7.666667e-02,-3.123524e-02,5.248854e-06
7.687500e-02,-3.125414e-02,5.269120e-06
7.708333e-02,-3.127345e-02,5.289410e-06
7.729167e-02,-3.129267e-02,5.309723e-06
7.750000e-02,-3.131129e-02,5.330058e-06
7.770833e-02,-3.132882e-02,5.350414e-06
7.791667e-02,-3.134476e-02,5.370788e-06
7.812500e-02,-3.135867e-02,5.391180e-06
7.833333e-02,-3.137009e-02,5.411588e-06
7.854167e-02,-3.137863e-02,5.432011e-06
7.875000e-02,-3.138389e-02,5.452446e-06
7.895833e-02,-3.138555e-02,5.472893e-06
7.916667e-02,-3.138331e-02,5.493349e-06
7.937500e-02,-3.137691e-02,5.513814e-06
7.958333e-02,-3.136615e-02,5.534286e-06
7.979167e-02,-3.135088e-02,5.554763e-06
8.000000e-02,-3.133098e-02,5.575244e-06
8.020833e-02,-3.130641e-02,5.595728e-06
8.041667e-02,-3.127717e-02,5.616214e-06
8.062500e-02,-3.124331e-02,5.636701e-06
8.083333e-02,-3.120494e-02,5.657188e-06
8.104167e-02,-3.116222e-02,5.677674e-06
8.125000e-02,-3.111536e-02,5.698158e-06
8.145833e-02,-3.106460e-02,5.718641e-06
8.166667e-02,-3.101026e-02,5.739122e-06
8.187500e-02,-3.095267e-02,5.759600e-06
8.208333e-02,-3.089220e-02,5.780077e-06
8.229167e-02,-3.082928e-02,5.800551e-06
8.250000e-02,-3.076434e-02,5.821023e-06
8.270833e-02,-3.069784e-02,5.841494e-06
8.291667e-02,-3.063027e-02,5.861965e-06
8.312500e-02,-3.056212e-02,5.882435e-06
8.333333e-02,-3.049390e-02,5.902906e-06
8.354167e-02,-3.042613e-02,5.923379e-06
8.375000e-02,-3.035929e-02,5.943854e-06
8.395833e-02,-3.029389e-02,5.964333e-06
8.416667e-02,-3.023041e-02,5.984818e-06
8.437500e-02,-3.016931e-02,6.005308e-06
8.458333e-02,-3.011104e-02,6.025806e-06
8.479167e-02,-3.005600e-02,6.046313e-06
8.500000e-02,-3.000456e-02,6.066831e-06
8.520833e-02,-2.995707e-02,6.087359e-06
8.541667e-02,-2.991382e-02,6.107901e-06
8.562500e-02,-2.987507e-02,6.128456e-06
8.583333e-02,-2.984102e-02,6.149027e-06
8.604167e-02,-2.981182e-02,6.169614e-06
8.625000e-02,-2.978758e-02,6.190218e-06
8.645833e-02,-2.976835e-02,6.210841e-06
8.666667e-02,-2.975412e-02,6.231483e-06
8.687500e-02,-2.974485e-02,6.252145e-06
8.708333e-02,-2.974043e-02,6.272828e-06
8.729167e-02,-2.974069e-02,6.293531e-06
8.750000e-02,-2.974543e-02,6.314256e-06
8.770833e-02,-2.975439e-02,6.335002e-06
8.791667e-02,-2.976727e-02,6.355770e-06
8.812500e-02,-2.978373e-02,6.376559e-06
8.833333e-02,-2.980340e-02,6.397369e-06
8.854167e-02,-2.982585e-02,6.418200e-06
8.875000e-02,-2.985065e-02,6.439051e-06
8.895833e-02,-2.987734e-02,6.459921e-06
8.916667e-02,-2.990542e-02,6.480810e-06
8.937500e-02,-2.993441e-02,6.501716e-06
8.958333e-02,-2.996379e-02,6.522639e-06
8.979167e-02,-2.999306e-02,6.543576e-06
9.000000e-02,-3.002171e-02,6.564528e-06
9.020833e-02,-3.004924e-02,6.585492e-06
9.041667e-02,-3.007518e-02,6.606466e-06
9.062500e-02,-3.009906e-02,6.627450e-06
9.083333e-02,-3.012043e-02,6.648442e-06
9.104167e-02,-3.013889e-02,6.669440e-06
9.125000e-02,-3.015406e-02,6.690443e-06
9.145833e-02,-3.016560e-02,6.711448e-06
9.166667e-02,-3.017321e-02,6.732454e-06
9.187500e-02,-3.017665e-02,6.753461e-06
9.208333e-02,-3.017569e-02,6.774465e-06
9.229167e-02,-3.017020e-02,6.795466e-06
9.250000e-02,-3.016005e-02,6.816462e-06
9.270833e-02,-3.014521e-02,6.837453e-06
9.291667e-02,-3.012567e-02,6.858436e-06
9.312500e-02,-3.010148e-02,6.879411e-06
9.333333e-02,-3.007276e-02,6.900377e-06
9.354167e-02,-3.003965e-02,6.921333e-06
9.375000e-02,-3.000237e-02,6.942279e-06
9.395833e-02,-2.996118e-02,6.963213e-06
9.416667e-02,-2.991636e-02,6.984136e-06
9.437500e-02,-2.986826e-02,7.005047e-06
9.458333e-02,-2.981726e-02,7.025946e-06
9.479167e-02,-2.976376e-02,7.046834e-06
9.500000e-02,-2.970822e-02,7.067710e-06
9.520833e-02,-2.965109e-02,7.088574e-06
9.541667e-02,-2.959285e-02,7.109429e-06
9.562500e-02,-2.953401e-02,7.130273e-06
9.583333e-02,-2.947506e-02,7.151108e-06
9.604167e-02,-2.941651e-02,7.171934e-06
9.625000e-02,-2.935887e-02,7.192753e-06
9.645833e-02,-2.930263e-02,7.213566e-06
9.666667e-02,-2.924828e-02,7.234374e-06
9.687500e-02,-2.919628e-02,7.255177e-06
9.708333e-02,-2.914706e-02,7.275977e-06
9.729167e-02,-2.910104e-02,7.296776e-06
9.750000e-02,-2.905859e-02,7.317574e-06
9.770833e-02,-2.902004e-02,7.338373e-06
9.791667e-02,-2.898571e-02,7.359173e-06
9.812500e-02,-2.895583e-02,7.379977e-06
9.833333e-02,-2.893061e-02,7.400786e-06
9.854167e-02,-2.891021e-02,7.421599e-06
9.875000e-02,-2.889473e-02,7.442419e-06
9.895833e-02,-2.888422e-02,7.463246e-06
9.916667e-02,-2.887867e-02,7.484081e-06
9.937500e-02,-2.887805e-02,7.504924e-06
9.958333e-02,-2.888223e-02,7.525776e-06
9.979167e-02,-2.889105e-02,7.546638e-06
1.000000e-01,-2.890432e-02,7.567510e-06
1.002083e-01,-2.892176e-02,7.588391e-06
1.004167e-01,-2.894309e-02,7.609282e-06
1.006250e-01,-2.896796e-02,7.630183e-06
1.008333e-01,-2.899599e-02,7.651092e-06
1.010417e-01,-2.902677e-02,7.672011e-06
1.012500e-01,-2.905985e-02,7.692937e-06
1.014583e-01,-2.909478e-02,7.713870e-06
1.016667e-01,-2.913107e-02,7.734810e-06
1.018750e-01,-2.916822e-02,7.755754e-06
1.020833e-01,-2.920572e-02,7.776703e-06
1.022917e-01,-2.924306e-02,7.797654e-06
1.025000e-01,-2.927975e-02,7.818606e-06
1.027083e-01,-2.931528e-02,7.839558e-06
1.029167e-01,-2.934917e-02,7.860508e-06
1.031250e-01,-2.938096e-02,7.881454e-06
1.033333e-01,-2.941020e-02,7.902395e-06
1.035417e-01,-2.943649e-02,7.923329e-06
1.037500e-01,-2.945944e-02,7.944255e-06
1.039583e-01,-2.947872e-02,7.965170e-06
1.041667e-01,-2.949404e-02,7.986073e-06
1.043750e-01,-2.950513e-02,8.006962e-06
1.045833e-01,-2.951179e-02,8.027836e-06
1.047917e-01,-2.951386e-02,8.048693e-06
1.050000e-01,-2.951125e-02,8.069532e-06
1.052083e-01,-2.950389e-02,8.090351e-06
1.054167e-01,-2.949180e-02,8.111149e-06
1.056250e-01,-2.947501e-02,8.131924e-06
1.058333e-01,-2.945364e-02,8.152677e-06
1.060417e-01,-2.942785e-02,8.173405e-06
1.062500e-01,-2.939784e-02,8.194109e-06
1.064583e-01,-2.936387e-02,8.214787e-06
1.066667e-01,-2.932624e-02,8.235439e-06
1.068750e-01,-2.928528e-02,8.256065e-06
1.070833e-01,-2.924138e-02,8.276665e-06
1.072917e-01,-2.919494e-02,8.297238e-06
1.075000e-01,-2.914641e-02,8.317785e-06
1.077083e-01,-2.909624e-02,8.338306e-06
1.079167e-01,-2.904493e-02,8.358802e-06
1.081250e-01,-2.899297e-02,8.379272e-06
1.083333e-01,-2.894086e-02,8.399718e-06
1.085417e-01,-2.888911e-02,8.420140e-06
1.087500e-01,-2.883822e-02,8.440540e-06
1.089583e-01,-2.878869e-02,8.460917e-06
1.091667e-01,-2.874101e-02,8.481274e-06
1.093750e-01,-2.869563e-02,8.501611e-06
1.095833e-01,-2.865299e-02,8.521930e-06
1.097917e-01,-2.861350e-02,8.542231e-06
1.100000e-01,-2.857754e-02,8.562516e-06
1.102083e-01,-2.854545e-02,8.582785e-06
1.104167e-01,-2.851752e-02,8.603040e-06
1.106250e-01,-2.849400e-02,8.623283e-06
1.108333e-01,-2.847510e-02,8.643513e-06
1.110417e-01,-2.846098e-02,8.663732e-06
1.112500e-01,-2.845173e-02,8.683941e-06
1.114583e-01,-2.844741e-02,8.704141e-06
1.116667e-01,-2.844802e-02,8.724331e-06
1.118750e-01,-2.845350e-02,8.744514e-06
1.120833e-01,-2.846374e-02,8.764689e-06
1.122917e-01,-2.847859e-02,8.784856e-06
1.125000e-01,-2.849783e-02,8.805016e-06
1.127083e-01,-2.852121e-02,8.825169e-06
1.129167e-01,-2.854843e-02,8.845314e-06
1.131250e-01,-2.857915e-02,8.865452e-06
1.133333e-01,-2.861299e-02,8.885581e-06
1.135417e-01,-2.864954e-02,8.905701e-06
1.137500e-01,-2.868835e-02,8.925812e-06
1.139583e-01,-2.872896e-02,8.945911e-06
1.141667e-01,-2.877089e-02,8.966000e-06
1.143750e-01,-2.881363e-02,8.986075e-06
1.145833e-01,-2.885669e-02,9.006137e-06
1.147917e-01,-2.889955e-02,9.026183e-06
1.150000e-01,-2.894171e-02,9.046211e-06
1.152083e-01,-2.898268e-02,9.066221e-06
1.154167e-01,-2.902196e-02,9.086211e-06
1.156250e-01,-2.905909e-02,9.106179e-06
1.158333e-01,-2.909364e-02,9.126123e-06
1.160417e-01,-2.912520e-02,9.146041e-06
1.162500e-01,-2.915338e-02,9.165932e-06
1.164583e-01,-2.917784e-02,9.185794e-06
1.166667e-01,-2.919830e-02,9.205624e-06
1.168750e-01,-2.921450e-02,9.225422e-06
1.170833e-01,-2.922622e-02,9.245185e-06
1.172917e-01,-2.923332e-02,9.264912e-06
1.175000e-01,-2.923569e-02,9.284601e-06
1.177083e-01,-2.923328e-02,9.304251e-06
1.179167e-01,-2.922608e-02,9.323860e-06
1.181250e-01,-2.921416e-02,9.343428e-06
1.183333e-01,-2.919762e-02,9.362952e-06
1.185417e-01,-2.917661e-02,9.382433e-06
1.187500e-01,-2.915134e-02,9.401868e-06
1.189583e-01,-2.912208e-02,9.421258e-06
1.191667e-01,-2.908911e-02,9.440602e-06
1.193750e-01,-2.905278e-02,9.459900e-06
1.195833e-01,-2.901346e-02,9.479150e-06
1.197917e-01,-2.897157e-02,9.498354e-06
1.200000e-01,-2.892755e-02,9.517511e-06
1.202083e-01,-2.888186e-02,9.536621e-06
1.204167e-01,-2.883498e-02,9.555685e-06
1.206250e-01,-2.878741e-02,9.574703e-06
1.208333e-01,-2.873965e-02,9.593675e-06
1.210417e-01,-2.869222e-02,9.612602e-06
1.212500e-01,-2.864562e-02,9.631486e-06
1.214583e-01,-2.860033e-02,9.650326e-06
1.216667e-01,-2.855685e-02,9.669125e-06
1.218750e-01,-2.851564e-02,9.687881e-06
1.220833e-01,-2.847713e-02,9.706598e-06
1.222917e-01,-2.844173e-02,9.725275e-06
1.225000e-01,-2.840983e-02,9.743915e-06
1.227083e-01,-2.838176e-02,9.762516e-06
1.229167e-01,-2.835781e-02,9.781082e-06
1.231250e-01,-2.833824e-02,9.799613e-06
1.233333e-01,-2.832325e-02,9.818109e-06
1.235417e-01,-2.831300e-02,9.836572e-06
1.237500e-01,-2.830760e-02,9.855002e-06
1.239583e-01,-2.830708e-02,9.873400e-06
1.241667e-01,-2.831145e-02,9.891767e-06
1.243750e-01,-2.832066e-02,9.910103e-06
1.245833e-01,-2.833460e-02,9.928408e-06
1.247917e-01,-2.835311e-02,9.946683e-06
1.250000e-01,-2.837597e-02,9.964927e-06
1.252083e-01,-2.840295e-02,9.983140e-06
1.254167e-01,-2.843372e-02,1.000132e-05
1.256250e-01,-2.846796e-02,1.001947e-05
1.258333e-01,-2.850529e-02,1.003759e-05
1.260417e-01,-2.854529e-02,1.005568e-05
1.262500e-01,-2.858752e-02,1.007374e-05
1.264583e-01,-2.863151e-02,1.009175e-05
1.266667e-01,-2.867679e-02,1.010974e-05
1.268750e-01,-2.872285e-02,1.012768e-05
1.270833e-01,-2.876919e-02,1.014559e-05
1.272917e-01,-2.881531e-02,1.016346e-05
1.275000e-01,-2.886068e-02,1.018129e-05
1.277083e-01,-2.890483e-02,1.019907e-05
1.279167e-01,-2.894726e-02,1.021681e-05
1.281250e-01,-2.898752e-02,1.023451e-05
1.283333e-01,-2.902516e-02,1.025215e-05
1.285417e-01,-2.905976e-02,1.026974e-05
1.287500e-01,-2.909097e-02,1.028728e-05
1.289583e-01,-2.911843e-02,1.030477e-05
1.291667e-01,-2.914184e-02,1.032220e-05
1.293750e-01,-2.916096e-02,1.033957e-05
1.295833e-01,-2.917559e-02,1.035688e-05
1.297917e-01,-2.918555e-02,1.037413e-05
1.300000e-01,-2.919075e-02,1.039132e-05
1.302083e-01,-2.919114e-02,1.040844e-05
1.304167e-01,-2.918672e-02,1.042550e-05
1.306250e-01,-2.917754e-02,1.044248e-05
1.308333e-01,-2.916370e-02,1.045940e-05
1.310417e-01,-2.914538e-02,1.047625e-05
1.312500e-01,-2.912276e-02,1.049303e-05
1.314583e-01,-2.909612e-02,1.050973e-05
1.316667e-01,-2.906574e-02,1.052636e-05
1.318750e-01,-2.903197e-02,1.054292e-05
1.320833e-01,-2.899519e-02,1.055941e-05
1.322917e-01,-2.895581e-02,1.057582e-05
1.325000e-01,-2.891426e-02,1.059216e-05
1.327083e-01,-2.887101e-02,1.060842e-05
1.329167e-01,-2.882655e-02,1.062461e-05
1.331250e-01,-2.878137e-02,1.064073e-05
1.333333e-01,-2.873598e-02,1.065677e-05
1.335417e-01,-2.869088e-02,1.067275e-05
1.337500e-01,-2.864657e-02,1.068865e-05
1.339583e-01,-2.860357e-02,1.070448e-05
1.341667e-01,-2.856234e-02,1.072024e-05
1.343750e-01,-2.852334e-02,1.073593e-05
1.345833e-01,-2.848703e-02,1.075155e-05
1.347917e-01,-2.845381e-02,1.076710e-05
1.350000e-01,-2.842404e-02,1.078259e-05
1.352083e-01,-2.839808e-02,1.079801e-05
1.354167e-01,-2.837622e-02,1.081337e-05
1.356250e-01,-2.835872e-02,1.082866e-05
1.358333e-01,-2.834576e-02,1.084389e-05
1.360417e-01,-2.833752e-02,1.085906e-05
1.362500e-01,-2.833410e-02,1.087417e-05
1.364583e-01,-2.833554e-02,1.088922e-05
1.366667e-01,-2.834185e-02,1.090420e-05
1.368750e-01,-2.835296e-02,1.091913e-05
1.370833e-01,-2.836878e-02,1.093399e-05
1.372917e-01,-2.838915e-02,1.094880e-05
1.375000e-01,-2.841385e-02,1.096354e-05
1.377083e-01,-2.844263e-02,1.097823e-05
1.379167e-01,-2.847519e-02,1.099285e-05
1.381250e-01,-2.851118e-02,1.100741e-05
1.383333e-01,-2.855024e-02,1.102192e-05
1.385417e-01,-2.859195e-02,1.103635e-05
1.387500e-01,-2.863587e-02,1.105073e-05
1.389583e-01,-2.868153e-02,1.106504e-05
1.391667e-01,-2.872844e-02,1.107928e-05
1.393750e-01,-2.877612e-02,1.109346e-05
1.395833e-01,-2.882406e-02,1.110757e-05
1.397917e-01,-2.887174e-02,1.112160e-05
1.400000e-01,-2.891867e-02,1.113557e-05
1.402083e-01,-2.896434e-02,1.114946e-05
1.404167e-01,-2.900827e-02,1.116327e-05
1.406250e-01,-2.905001e-02,1.117701e-05
1.408333e-01,-2.908910e-02,1.119067e-05
1.410417e-01,-2.912515e-02,1.120424e-05
1.412500e-01,-2.915776e-02,1.121773e-05
1.414583e-01,-2.918662e-02,1.123114e-05
1.416667e-01,-2.921140e-02,1.124445e-05
1.418750e-01,-2.923188e-02,1.125768e-05
1.420833e-01,-2.924783e-02,1.127081e-05
1.422917e-01,-2.925910e-02,1.128385e-05
1.425000e-01,-2.926559e-02,1.129680e-05
1.427083e-01,-2.926724e-02,1.130965e-05
1.429167e-01,-2.926407e-02,1.132239e-05
1.431250e-01,-2.925611e-02,1.133504e-05
1.433333e-01,-2.924348e-02,1.134759e-05
1.435417e-01,-2.922634e-02,1.136003e-05
1.437500e-01,-2.920489e-02,1.137237e-05
1.439583e-01,-2.917939e-02,1.138461e-05
1.441667e-01,-2.915014e-02,1.139674e-05
1.443750e-01,-2.911748e-02,1.140876e-05
1.445833e-01,-2.908179e-02,1.142067e-05
1.447917e-01,-2.904347e-02,1.143248e-05
1.450000e-01,-2.900297e-02,1.144418e-05
1.452083e-01,-2.896075e-02,1.145578e-05
1.454167e-01,-2.891731e-02,1.146726e-05
1.456250e-01,-2.887312e-02,1.147864e-05
1.458333e-01,-2.882870e-02,1.148991e-05
1.460417e-01,-2.878456e-02,1.150108e-05
1.462500e-01,-2.874120e-02,1.151214e-05
1.464583e-01,-2.869911e-02,1.152310e-05
1.466667e-01,-2.865878e-02,1.153395e-05
1.468750e-01,-2.862068e-02,1.154469e-05
1.470833e-01,-2.858523e-02,1.155534e-05
1.472917e-01,-2.855286e-02,1.156588e-05
1.475000e-01,-2.852393e-02,1.157632e-05
1.477083e-01,-2.849879e-02,1.158666e-05
1.479167e-01,-2.847773e-02,1.159690e-05
1.481250e-01,-2.846101e-02,1.160704e-05
1.483333e-01,-2.844882e-02,1.161709e-05
1.485417e-01,-2.844133e-02,1.162703e-05
1.487500e-01,-2.843864e-02,1.163688e-05
1.489583e-01,-2.844080e-02,1.164663e-05
1.491667e-01,-2.844781e-02,1.165629e-05
1.493750e-01,-2.845962e-02,1.166585e-05
1.495833e-01,-2.847611e-02,1.167531e-05
1.497917e-01,-2.849713e-02,1.168468e-05
1.500000e-01,-2.852247e-02,1.169395e-05
1.502083e-01,-2.855187e-02,1.170313e-05
1.504167e-01,-2.858504e-02,1.171221e-05
1.506250e-01,-2.862164e-02,1.172119e-05
1.508333e-01,-2.866128e-02,1.173007e-05
1.510417e-01,-2.870355e-02,1.173886e-05
1.512500e-01,-2.874802e-02,1.174754e-05
1.514583e-01,-2.879422e-02,1.175612e-05
1.516667e-01,-2.884166e-02,1.176460e-05
1.518750e-01,-2.888984e-02,1.177298e-05
1.520833e-01,-2.893828e-02,1.178124e-05
1.522917e-01,-2.898644e-02,1.178941e-05
1.525000e-01,-2.903383e-02,1.179746e-05
1.527083e-01,-2.907996e-02,1.180540e-05
1.529167e-01,-2.912433e-02,1.181322e-05
1.531250e-01,-2.916649e-02,1.182093e-05
1.533333e-01,-2.920600e-02,1.182852e-05
1.535417e-01,-2.924245e-02,1.183600e-05
1.537500e-01,-2.927545e-02,1.184335e-05
1.539583e-01,-2.930468e-02,1.185057e-05
1.541667e-01,-2.932983e-02,1.185767e-05
1.543750e-01,-2.935065e-02,1.186465e-05
1.545833e-01,-2.936694e-02,1.187149e-05
1.547917e-01,-2.937854e-02,1.187820e-05
1.550000e-01,-2.938534e-02,1.188477e-05
1.552083e-01,-2.938730e-02,1.189121e-05
1.554167e-01,-2.938441e-02,1.189752e-05
1.556250e-01,-2.937673e-02,1.190368e-05
1.558333e-01,-2.936437e-02,1.190970e-05
1.560417e-01,-2.934748e-02,1.191558e-05
1.562500e-01,-2.932628e-02,1.192132e-05
1.564583e-01,-2.930101e-02,1.192691e-05
1.566667e-01,-2.927198e-02,1.193236e-05
1.568750e-01,-2.923953e-02,1.193766e-05
1.570833e-01,-2.920403e-02,1.194281e-05
1.572917e-01,-2.916590e-02,1.194782e-05
1.575000e-01,-2.912558e-02,1.195269e-05
1.577083e-01,-2.908353e-02,1.195740e-05
1.579167e-01,-2.904024e-02,1.196197e-05
1.581250e-01,-2.899620e-02,1.196639e-05
1.583333e-01,-2.895192e-02,1.197066e-05
1.585417e-01,-2.890790e-02,1.197479e-05
1.587500e-01,-2.886465e-02,1.197877e-05
1.589583e-01,-2.882267e-02,1.198260e-05
1.591667e-01,-2.878244e-02,1.198629e-05
1.593750e-01,-2.874442e-02,1.198984e-05
1.595833e-01,-2.870905e-02,1.199324e-05
1.597917e-01,-2.867675e-02,1.199650e-05
1.600000e-01,-2.864788e-02,1.199962e-05
1.602083e-01,-2.862278e-02,1.200259e-05
1.604167e-01,-2.860176e-02,1.200543e-05
1.606250e-01,-2.858507e-02,1.200812e-05
1.608333e-01,-2.857291e-02,1.201068e-05
1.610417e-01,-2.856543e-02,1.201310e-05
1.612500e-01,-2.856274e-02,1.201538e-05
1.614583e-01,-2.856490e-02,1.201752e-05
1.616667e-01,-2.857190e-02,1.201952e-05
1.618750e-01,-2.858368e-02,1.202138e-05
1.620833e-01,-2.860014e-02,1.202311e-05
1.622917e-01,-2.862112e-02,1.202470e-05
1.625000e-01,-2.864642e-02,1.202615e-05
1.627083e-01,-2.867577e-02,1.202746e-05
1.629167e-01,-2.870888e-02,1.202864e-05
1.631250e-01,-2.874540e-02,1.202967e-05
1.633333e-01,-2.878497e-02,1.203056e-05
1.635417e-01,-2.882716e-02,1.203132e-05
1.637500e-01,-2.887153e-02,1.203193e-05
1.639583e-01,-2.891763e-02,1.203239e-05
1.641667e-01,-2.896496e-02,1.203271e-05
1.643750e-01,-2.901304e-02,1.203288e-05
1.645833e-01,-2.906135e-02,1.203290e-05
1.647917e-01,-2.910938e-02,1.203278e-05
1.650000e-01,-2.915664e-02,1.203250e-05
1.652083e-01,-2.920263e-02,1.203206e-05
1.654167e-01,-2.924685e-02,1.203147e-05
1.656250e-01,-2.928886e-02,1.203072e-05
1.658333e-01,-2.932821e-02,1.202981e-05
1.660417e-01,-2.936448e-02,1.202873e-05
1.662500e-01,-2.939732e-02,1.202749e-05
1.664583e-01,-2.942636e-02,1.202608e-05
1.666667e-01,-2.945133e-02,1.202450e-05
1.668750e-01,-2.947196e-02,1.202275e-05
1.670833e-01,-2.948804e-02,1.202083e-05
1.672917e-01,-2.949944e-02,1.201873e-05
1.675000e-01,-2.950603e-02,1.201645e-05
1.677083e-01,-2.950777e-02,1.201399e-05
1.679167e-01,-2.950466e-02,1.201135e-05
1.681250e-01,-2.949676e-02,1.200853e-05
1.683333e-01,-2.948416e-02,1.200552e-05
1.685417e-01,-2.946704e-02,1.200232e-05
1.687500e-01,-2.944559e-02,1.199894e-05
1.689583e-01,-2.942007e-02,1.199537e-05
1.691667e-01,-2.939079e-02,1.199161e-05
1.693750e-01,-2.935808e-02,1.198766e-05
1.695833e-01,-2.932232e-02,1.198351e-05
1.697917e-01,-2.928392e-02,1.197918e-05
1.700000e-01,-2.924332e-02,1.197465e-05
1.702083e-01,-2.920100e-02,1.196993e-05
1.704167e-01,-2.915742e-02,1.196502e-05
1.706250e-01,-2.911309e-02,1.195992e-05
1.708333e-01,-2.906852e-02,1.195463e-05
1.710417e-01,-2.902420e-02,1.194914e-05
1.712500e-01,-2.898066e-02,1.194346e-05
1.714583e-01,-2.893837e-02,1.193759e-05
1.716667e-01,-2.889783e-02,1.193153e-05
1.718750e-01,-2.885950e-02,1.192528e-05
1.720833e-01,-2.882381e-02,1.191884e-05
1.722917e-01,-2.879118e-02,1.191221e-05
1.725000e-01,-2.876199e-02,1.190540e-05
1.727083e-01,-2.873657e-02,1.189840e-05
1.729167e-01,-2.871521e-02,1.189121e-05
1.731250e-01,-2.869818e-02,1.188383e-05
1.733333e-01,-2.868568e-02,1.187627e-05
1.735417e-01,-2.867786e-02,1.186852e-05
1.737500e-01,-2.867483e-02,1.186059e-05
1.739583e-01,-2.867663e-02,1.185248e-05
1.741667e-01,-2.868327e-02,1.184418e-05
1.743750e-01,-2.869470e-02,1.183570e-05
1.745833e-01,-2.871080e-02,1.182703e-05
1.747917e-01,-2.873142e-02,1.181818e-05
1.750000e-01,-2.875634e-02,1.180914e-05
1.752083e-01,-2.878533e-02,1.179992e-05
1.754167e-01,-2.881806e-02,1.179051e-05
1.756250e-01,-2.885421e-02,1.178092e-05
1.758333e-01,-2.889340e-02,1.177114e-05
1.760417e-01,-2.893520e-02,1.176117e-05
1.762500e-01,-2.897919e-02,1.175101e-05
1.764583e-01,-2.902490e-02,1.174066e-05
1.766667e-01,-2.907185e-02,1.173012e-05
1.768750e-01,-2.911953e-02,1.171938e-05
1.770833e-01,-2.916744e-02,1.170845e-05
1.772917e-01,-2.921508e-02,1.169732e-05
1.775000e-01,-2.926194e-02,1.168599e-05
1.777083e-01,-2.930752e-02,1.167446e-05
1.779167e-01,-2.935134e-02,1.166272e-05
1.781250e-01,-2.939294e-02,1.165078e-05
1.783333e-01,-2.943188e-02,1.163862e-05
1.785417e-01,-2.946775e-02,1.162626e-05
1.787500e-01,-2.950017e-02,1.161369e-05
1.789583e-01,-2.952880e-02,1.160090e-05
1.791667e-01,-2.955335e-02,1.158789e-05
1.793750e-01,-2.957356e-02,1.157466e-05
1.795833e-01,-2.958923e-02,1.156121e-05
1.797917e-01,-2.960020e-02,1.154754e-05
1.800000e-01,-2.960636e-02,1.153364e-05
1.802083e-01,-2.960768e-02,1.151951e-05
1.804167e-01,-2.960414e-02,1.150515e-05
1.806250e-01,-2.959581e-02,1.149057e-05
1.808333e-01,-2.958278e-02,1.147574e-05
1.810417e-01,-2.956523e-02,1.146069e-05
1.812500e-01,-2.954334e-02,1.144540e-05
1.814583e-01,-2.951739e-02,1.142987e-05
1.816667e-01,-2.948767e-02,1.141410e-05
1.818750e-01,-2.945452e-02,1.139810e-05
1.820833e-01,-2.941832e-02,1.138186e-05
1.822917e-01,-2.937949e-02,1.136537e-05
1.825000e-01,-2.933845e-02,1.134865e-05
1.827083e-01,-2.929568e-02,1.133168e-05
1.829167e-01,-2.925166e-02,1.131448e-05
1.831250e-01,-2.920689e-02,1.129703e-05
1.833333e-01,-2.916187e-02,1.127935e-05
1.835417e-01,-2.911711e-02,1.126142e-05
1.837500e-01,-2.907311e-02,1.124325e-05
1.839583e-01,-2.903038e-02,1.122485e-05
1.841667e-01,-2.898939e-02,1.120620e-05
1.843750e-01,-2.895061e-02,1.118732e-05
1.845833e-01,-2.891447e-02,1.116820e-05
1.847917e-01,-2.888139e-02,1.114884e-05
1.850000e-01,-2.885175e-02,1.112925e-05
1.852083e-01,-2.882587e-02,1.110941e-05
1.854167e-01,-2.880407e-02,1.108935e-05
1.856250e-01,-2.878658e-02,1.106905e-05
1.858333e-01,-2.877362e-02,1.104851e-05
1.860417e-01,-2.876535e-02,1.102774e-05
1.862500e-01,-2.876186e-02,1.100674e-05
1.864583e-01,-2.876321e-02,1.098551e-05
1.866667e-01,-2.876940e-02,1.096404e-05
1.868750e-01,-2.878037e-02,1.094234e-05
1.870833e-01,-2.879601e-02,1.092041e-05
1.872917e-01,-2.881617e-02,1.089824e-05
1.875000e-01,-2.884064e-02,1.087584e-05
1.877083e-01,-2.886917e-02,1.085321e-05
1.879167e-01,-2.890145e-02,1.083034e-05
1.881250e-01,-2.893714e-02,1.080723e-05
1.883333e-01,-2.897587e-02,1.078389e-05
1.885417e-01,-2.901722e-02,1.076031e-05
1.887500e-01,-2.906075e-02,1.073650e-05
1.889583e-01,-2.910601e-02,1.071244e-05
1.891667e-01,-2.915249e-02,1.068814e-05
1.893750e-01,-2.919972e-02,1.066360e-05
1.895833e-01,-2.924717e-02,1.063882e-05
1.897917e-01,-2.929436e-02,1.061378e-05
1.900000e-01,-2.934076e-02,1.058850e-05
1.902083e-01,-2.938589e-02,1.056297e-05
1.904167e-01,-2.942925e-02,1.053719e-05
1.906250e-01,-2.947040e-02,1.051115e-05
1.908333e-01,-2.950888e-02,1.048485e-05
1.910417e-01,-2.954429e-02,1.045829e-05
1.912500e-01,-2.957626e-02,1.043147e-05
1.914583e-01,-2.960443e-02,1.040439e-05
1.916667e-01,-2.962853e-02,1.037704e-05
1.918750e-01,-2.964828e-02,1.034942e-05
1.920833e-01,-2.966350e-02,1.032153e-05
1.922917e-01,-2.967402e-02,1.029337e-05
1.925000e-01,-2.967974e-02,1.026493e-05
1.927083e-01,-2.968060e-02,1.023622e-05
1.929167e-01,-2.967661e-02,1.020722e-05
1.931250e-01,-2.966783e-02,1.017795e-05
1.933333e-01,-2.965435e-02,1.014840e-05
1.935417e-01,-2.963635e-02,1.011856e-05
1.937500e-01,-2.961402e-02,1.008844e-05
1.939583e-01,-2.958762e-02,1.005803e-05
1.941667e-01,-2.955745e-02,1.002734e-05
1.943750e-01,-2.952386e-02,9.996358e-06
1.945833e-01,-2.948721e-02,9.965089e-06
1.947917e-01,-2.944793e-02,9.933531e-06
1.950000e-01,-2.940645e-02,9.901685e-06
1.952083e-01,-2.936324e-02,9.869549e-06
1.954167e-01,-2.931878e-02,9.837124e-06
1.956250e-01,-2.927357e-02,9.804411e-06
1.958333e-01,-2.922811e-02,9.771408e-06
1.960417e-01,-2.918291e-02,9.738116e-06
1.962500e-01,-2.913847e-02,9.704536e-06
1.964583e-01,-2.909530e-02,9.670669e-06
1.966667e-01,-2.905388e-02,9.636514e-06
1.968750e-01,-2.901466e-02,9.602072e-06
1.970833e-01,-2.897809e-02,9.567344e-06
1.972917e-01,-2.894458e-02,9.532331e-06
1.975000e-01,-2.891450e-02,9.497033e-06
1.977083e-01,-2.888819e-02,9.461450e-06
1.979167e-01,-2.886596e-02,9.425585e-06
1.981250e-01,-2.884804e-02,9.389436e-06
1.983333e-01,-2.883466e-02,9.353006e-06
1.985417e-01,-2.882596e-02,9.316294e-06
1.987500e-01,-2.882204e-02,9.279300e-06
1.989583e-01,-2.882297e-02,9.242025e-06
1.991667e-01,-2.882873e-02,9.204470e-06
1.993750e-01,-2.883928e-02,9.166634e-06
1.995833e-01,-2.885451e-02,9.128517e-06
1.997917e-01,-2.887425e-02,9.090120e-06
2.000000e-01,-2.889830e-02,9.051441e-06
2.002083e-01,-2.892641e-02,9.012481e-06
2.004167e-01,-2.895827e-02,8.973239e-06
2.006250e-01,-2.899355e-02,8.933714e-06
2.008333e-01,-2.903186e-02,8.893906e-06
2.010417e-01,-2.907280e-02,8.853813e-06
2.012500e-01,-2.911593e-02,8.813433e-06
2.014583e-01,-2.916077e-02,8.772767e-06
2.016667e-01,-2.920685e-02,8.731812e-06
2.018750e-01,-2.925367e-02,8.690567e-06
2.020833e-01,-2.930072e-02,8.649029e-06
2.022917e-01,-2.934750e-02,8.607198e-06
2.025000e-01,-2.939350e-02,8.565072e-06
2.027083e-01,-2.943823e-02,8.522647e-06
2.029167e-01,-2.948119e-02,8.479923e-06
2.031250e-01,-2.952194e-02,8.436898e-06
2.033333e-01,-2.956003e-02,8.393568e-06
2.035417e-01,-2.959504e-02,8.349932e-06
2.037500e-01,-2.962661e-02,8.305988e-06
2.039583e-01,-2.965440e-02,8.261734e-06
2.041667e-01,-2.967810e-02,8.217167e-06
2.043750e-01,-2.969747e-02,8.172285e-06
2.045833e-01,-2.971230e-02,8.127086e-06
2.047917e-01,-2.972243e-02,8.081569e-06
2.050000e-01,-2.972776e-02,8.035731e-06
2.052083e-01,-2.972825e-02,7.989570e-06
2.054167e-01,-2.972388e-02,7.943086e-06
2.056250e-01,-2.971471e-02,7.896275e-06
2.058333e-01,-2.970086e-02,7.849137e-06
2.060417e-01,-2.968248e-02,7.801671e-06
2.062500e-01,-2.965977e-02,7.753875e-06
2.064583e-01,-2.963300e-02,7.705748e-06
2.066667e-01,-2.960246e-02,7.657290e-06
2.068750e-01,-2.956850e-02,7.608499e-06
2.070833e-01,-2.953148e-02,7.559376e-06
2.072917e-01,-2.949183e-02,7.509919e-06
2.075000e-01,-2.944999e-02,7.460128e-06
2.077083e-01,-2.940641e-02,7.410004e-06
2.079167e-01,-2.936159e-02,7.359546e-06
2.081250e-01,-2.931602e-02,7.308755e-06
2.083333e-01,-2.927020e-02,7.257630e-06
2.085417e-01,-2.922464e-02,7.206173e-06
2.087500e-01,-2.917985e-02,7.154383e-06
2.089583e-01,-2.913633e-02,7.102262e-06
2.091667e-01,-2.909455e-02,7.049809e-06
2.093750e-01,-2.905498e-02,6.997026e-06
2.095833e-01,-2.901806e-02,6.943914e-06
2.097917e-01,-2.898420e-02,6.890472e-06
2.100000e-01,-2.895378e-02,6.836702e-06
2.102083e-01,-2.892713e-02,6.782606e-06
2.104167e-01,-2.890455e-02,6.728183e-06
2.106250e-01,-2.888630e-02,6.673434e-06
2.108333e-01,-2.887257e-02,6.618360e-06
2.110417e-01,-2.886353e-02,6.562961e-06
2.112500e-01,-2.885929e-02,6.507239e-06
2.114583e-01,-2.885988e-02,6.451194e-06
2.116667e-01,-2.886531e-02,6.394825e-06
2.118750e-01,-2.887553e-02,6.338134e-06
2.120833e-01,-2.889042e-02,6.281121e-06
2.122917e-01,-2.890984e-02,6.223784e-06
2.125000e-01,-2.893356e-02,6.166125e-06
2.127083e-01,-2.896135e-02,6.108143e-06
2.129167e-01,-2.899289e-02,6.049838e-06
2.131250e-01,-2.902785e-02,5.991209e-06
2.133333e-01,-2.906585e-02,5.932255e-06
2.135417e-01,-2.910647e-02,5.872975e-06
2.137500e-01,-2.914928e-02,5.813369e-06
2.139583e-01,-2.919381e-02,5.753435e-06
2.141667e-01,-2.923957e-02,5.693172e-06
2.143750e-01,-2.928608e-02,5.632578e-06
2.145833e-01,-2.933283e-02,5.571653e-06
2.147917e-01,-2.937930e-02,5.510394e-06
2.150000e-01,-2.942500e-02,5.448799e-06
2.152083e-01,-2.946942e-02,5.386868e-06
2.154167e-01,-2.951209e-02,5.324597e-06
2.156250e-01,-2.955253e-02,5.261986e-06
2.158333e-01,-2.959032e-02,5.199032e-06
2.160417e-01,-2.962504e-02,5.135733e-06
2.162500e-01,-2.965632e-02,5.072087e-06
2.164583e-01,-2.968381e-02,5.008092e-06
2.166667e-01,-2.970723e-02,4.943746e-06
2.168750e-01,-2.972631e-02,4.879048e-06
2.170833e-01,-2.974085e-02,4.813995e-06
2.172917e-01,-2.975069e-02,4.748586e-06
2.175000e-01,-2.975574e-02,4.682819e-06
2.177083e-01,-2.975594e-02,4.616692e-06
2.179167e-01,-2.975129e-02,4.550204e-06
2.181250e-01,-2.974185e-02,4.483353e-06
2.183333e-01,-2.972772e-02,4.416139e-06
2.185417e-01,-2.970906e-02,4.348560e-06
2.187500e-01,-2.968609e-02,4.280615e-06
2.189583e-01,-2.965904e-02,4.212303e-06
2.191667e-01,-2.962823e-02,4.143624e-06
2.193750e-01,-2.959400e-02,4.074578e-06
2.195833e-01,-2.955672e-02,4.005163e-06
2.197917e-01,-2.951681e-02,3.935380e-06
2.200000e-01,-2.947470e-02,3.865229e-06
2.202083e-01,-2.943086e-02,3.794710e-06
2.204167e-01,-2.938578e-02,3.723822e-06
2.206250e-01,-2.933995e-02,3.652567e-06
2.208333e-01,-2.929387e-02,3.580946e-06
2.210417e-01,-2.924806e-02,3.508957e-06
2.212500e-01,-2.920302e-02,3.436603e-06
2.214583e-01,-2.915925e-02,3.363884e-06
2.216667e-01,-2.911722e-02,3.290802e-06
2.218750e-01,-2.907740e-02,3.217356e-06
2.220833e-01,-2.904024e-02,3.143548e-06
2.222917e-01,-2.900613e-02,3.069379e-06
2.225000e-01,-2.897547e-02,2.994851e-06
2.227083e-01,-2.894858e-02,2.919963e-06
2.229167e-01,-2.892576e-02,2.844718e-06
2.231250e-01,-2.890727e-02,2.769115e-06
2.233333e-01,-2.889331e-02,2.693157e-06
2.235417e-01,-2.888404e-02,2.616844e-06
2.237500e-01,-2.887955e-02,2.540176e-06
2.239583e-01,-2.887992e-02,2.463155e-06
2.241667e-01,-2.888512e-02,2.385781e-06
2.243750e-01,-2.889511e-02,2.308055e-06
2.245833e-01,-2.890978e-02,2.229976e-06
2.247917e-01,-2.892897e-02,2.151546e-06
2.250000e-01,-2.895247e-02,2.072763e-06
2.252083e-01,-2.898004e-02,1.993629e-06
2.254167e-01,-2.901136e-02,1.914144e-06
2.256250e-01,-2.904610e-02,1.834305e-06
2.258333e-01,-2.908388e-02,1.754114e-06
2.260417e-01,-2.912429e-02,1.680451e-06
2.262500e-01,-2.916689e-02,1.649894e-06
2.264583e-01,-2.921120e-02,1.620864e-06
2.266667e-01,-2.925676e-02,1.593128e-06
2.268750e-01,-2.930306e-02,1.566495e-06
2.270833e-01,-2.934960e-02,1.540936e-06
2.272917e-01,-2.939587e-02,1.516241e-06
2.275000e-01,-2.944136e-02,1.492334e-06
2.277083e-01,-2.948558e-02,1.469129e-06
2.279167e-01,-2.952805e-02,1.446633e-06
2.281250e-01,-2.956830e-02,1.424872e-06
2.283333e-01,-2.960589e-02,1.403614e-06
2.285417e-01,-2.964042e-02,1.382728e-06
2.287500e-01,-2.967150e-02,1.362678e-06
2.289583e-01,-2.969880e-02,1.342891e-06
2.291667e-01,-2.972203e-02,1.323613e-06
2.293750e-01,-2.974092e-02,1.304779e-06
2.295833e-01,-2.975527e-02,1.286292e-06
2.297917e-01,-2.976493e-02,1.268238e-06
2.300000e-01,-2.976979e-02,1.250563e-06
2.302083e-01,-2.976981e-02,1.233080e-06
2.304167e-01,-2.976498e-02,1.216243e-06
2.306250e-01,-2.975536e-02,1.199308e-06
2.308333e-01,-2.974105e-02,1.183105e-06
2.310417e-01,-2.972222e-02,1.167038e-06
2.312500e-01,-2.969906e-02,1.150881e-06
2.314583e-01,-2.967185e-02,1.135700e-06
2.316667e-01,-2.964086e-02,1.120446e-06
2.318750e-01,-2.960646e-02,1.105108e-06
2.320833e-01,-2.956901e-02,1.090621e-06
2.322917e-01,-2.952893e-02,1.076225e-06
2.325000e-01,-2.948666e-02,1.061753e-06
2.327083e-01,-2.944265e-02,1.098440e-06
2.329167e-01,-2.939741e-02,1.191372e-06
2.331250e-01,-2.935141e-02,1.284691e-06
2.333333e-01,-2.930518e-02,1.378395e-06
2.335417e-01,-2.925921e-02,1.472483e-06
2.337500e-01,-2.921401e-02,1.566954e-06
2.339583e-01,-2.917008e-02,1.661808e-06
2.341667e-01,-2.912789e-02,1.757041e-06
2.343750e-01,-2.908792e-02,1.852655e-06
2.345833e-01,-2.905061e-02,1.948645e-06
2.347917e-01,-2.901635e-02,2.045013e-06
2.350000e-01,-2.898554e-02,2.141755e-06
2.352083e-01,-2.895850e-02,2.238870e-06
2.354167e-01,-2.893554e-02,2.336357e-06
2.356250e-01,-2.891690e-02,2.434214e-06
2.358333e-01,-2.890280e-02,2.532440e-06
2.360417e-01,-2.889338e-02,2.631033e-06
2.362500e-01,-2.888876e-02,2.729992e-06
2.364583e-01,-2.888898e-02,2.829315e-06
2.366667e-01,-2.889404e-02,2.929003e-06
2.368750e-01,-2.890390e-02,3.029052e-06
2.370833e-01,-2.891843e-02,3.129464e-06
2.372917e-01,-2.893749e-02,3.230235e-06
2.375000e-01,-2.896086e-02,3.331367e-06
2.377083e-01,-2.898829e-02,3.432858e-06
2.379167e-01,-2.901948e-02,3.534707e-06
2.381250e-01,-2.905409e-02,3.636915e-06
2.383333e-01,-2.909175e-02,3.739482e-06
2.385417e-01,-2.913203e-02,3.842407e-06
2.387500e-01,-2.917450e-02,3.945690e-06
2.389583e-01,-2.921869e-02,4.049332e-06
2.391667e-01,-2.926413e-02,4.153332e-06
2.393750e-01,-2.931031e-02,4.257692e-06
2.395833e-01,-2.935673e-02,4.362412e-06
2.397917e-01,-2.940287e-02,4.467493e-06
2.400000e-01,-2.944825e-02,4.572936e-06
2.402083e-01,-2.949235e-02,4.678740e-06
2.404167e-01,-2.953471e-02,4.784908e-06
2.406250e-01,-2.957484e-02,4.891440e-06
2.408333e-01,-2.961232e-02,4.998338e-06
2.410417e-01,-2.964673e-02,5.105602e-06
2.412500e-01,-2.967771e-02,5.213233e-06
2.414583e-01,-2.970490e-02,5.321232e-06
2.416667e-01,-2.972801e-02,5.429601e-06
2.418750e-01,-2.974679e-02,5.538341e-06
2.420833e-01,-2.976104e-02,5.647452e-06
2.422917e-01,-2.977060e-02,5.756935e-06
2.425000e-01,-2.977536e-02,5.866791e-06
2.427083e-01,-2.977527e-02,5.977021e-06
2.429167e-01,-2.977034e-02,6.087626e-06
2.431250e-01,-2.976062e-02,6.198605e-06
2.433333e-01,-2.974621e-02,6.309960e-06
2.435417e-01,-2.972728e-02,6.421690e-06
2.437500e-01,-2.970403e-02,6.533796e-06
2.439583e-01,-2.967672e-02,6.646278e-06
2.441667e-01,-2.964564e-02,6.759135e-06
2.443750e-01,-2.961114e-02,6.872368e-06
2.445833e-01,-2.957360e-02,6.985975e-06
2.447917e-01,-2.953343e-02,7.099957e-06
2.450000e-01,-2.949107e-02,7.214313e-06
2.452083e-01,-2.944697e-02,7.329042e-06
2.454167e-01,-2.940164e-02,7.444142e-06
2.456250e-01,-2.935556e-02,7.559614e-06
2.458333e-01,-2.930924e-02,7.675455e-06
2.460417e-01,-2.926318e-02,7.791665e-06
2.462500e-01,-2.921790e-02,7.908242e-06
2.464583e-01,-2.917388e-02,8.025185e-06
2.466667e-01,-2.913162e-02,8.142492e-06
2.468750e-01,-2.909157e-02,8.260162e-06
2.470833e-01,-2.905417e-02,8.378194e-06
2.472917e-01,-2.901984e-02,8.496586e-06
2.475000e-01,-2.898895e-02,8.615336e-06
2.477083e-01,-2.896183e-02,8.734443e-06
2.479167e-01,-2.893879e-02,8.853906e-06
2.481250e-01,-2.892008e-02,8.973723e-06
2.483333e-01,-2.890590e-02,9.093892e-06
2.485417e-01,-2.889642e-02,9.214413e-06
2.487500e-01,-2.889172e-02,9.335285e-06
2.489583e-01,-2.889187e-02,9.456506e-06
2.491667e-01,-2.889687e-02,9.578075e-06
2.493750e-01,-2.890665e-02,9.699992e-06
2.495833e-01,-2.892112e-02,9.822256e-06
2.497917e-01,-2.894010e-02,9.944867e-06
2.500000e-01,-2.896341e-02,1.006782e-05
2.502083e-01,-2.899078e-02,1.019113e-05
2.504167e-01,-2.902190e-02,1.031477e-05
2.506250e-01,-2.905645e-02,1.043877e-05
2.508333e-01,-2.909404e-02,1.056311e-05
2.510417e-01,-2.913426e-02,1.068779e-05
2.512500e-01,-2.917667e-02,1.081282e-05
2.514583e-01,-2.922081e-02,1.093820e-05
2.516667e-01,-2.926618e-02,1.106393e-05
2.518750e-01,-2.931230e-02,1.119001e-05
2.520833e-01,-2.935866e-02,1.131644e-05
2.522917e-01,-2.940476e-02,1.144322e-05
2.525000e-01,-2.945008e-02,1.157035e-05
2.527083e-01,-2.949412e-02,1.169783e-05
2.529167e-01,-2.953642e-02,1.182567e-05
2.531250e-01,-2.957650e-02,1.195386e-05
2.533333e-01,-2.961393e-02,1.208241e-05
2.535417e-01,-2.964829e-02,1.221132e-05
2.537500e-01,-2.967921e-02,1.234059e-05
2.539583e-01,-2.970636e-02,1.247022e-05
2.541667e-01,-2.972942e-02,1.260021e-05
2.543750e-01,-2.974816e-02,1.273056e-05
2.545833e-01,-2.976236e-02,1.286128e-05
2.547917e-01,-2.977187e-02,1.299236e-05
2.550000e-01,-2.977658e-02,1.312381e-05
2.552083e-01,-2.977645e-02,1.325562e-05
2.554167e-01,-2.977147e-02,1.338780e-05
2.556250e-01,-2.976171e-02,1.352034e-05
2.558333e-01,-2.974726e-02,1.365325e-05
2.560417e-01,-2.972828e-02,1.378653e-05
2.562500e-01,-2.970499e-02,1.392017e-05
2.564583e-01,-2.967764e-02,1.405417e-05
2.566667e-01,-2.964652e-02,1.418854e-05
2.568750e-01,-2.961198e-02,1.432327e-05
2.570833e-01,-2.957440e-02,1.445836e-05
2.572917e-01,-2.953419e-02,1.459381e-05
2.575000e-01,-2.949179e-02,1.472961e-05
2.577083e-01,-2.944766e-02,1.486578e-05
2.579167e-01,-2.940229e-02,1.500229e-05
2.581250e-01,-2.935618e-02,1.513915e-05
2.583333e-01,-2.930982e-02,1.527637e-05
2.585417e-01,-2.926373e-02,1.541392e-05
2.587500e-01,-2.921842e-02,1.555182e-05
2.589583e-01,-2.917437e-02,1.569006e-05
2.591667e-01,-2.913207e-02,1.582863e-05
2.593750e-01,-2.909199e-02,1.596753e-05
2.595833e-01,-2.905456e-02,1.610675e-05
2.597917e-01,-2.902020e-02,1.624630e-05
2.600000e-01,-2.898928e-02,1.638617e-05
2.602083e-01,-2.896213e-02,1.652636e-05
2.604167e-01,-2.893906e-02,1.666685e-05
2.606250e-01,-2.892033e-02,1.680766e-05
2.608333e-01,-2.890612e-02,1.694876e-05
2.610417e-01,-2.889661e-02,1.709016e-05
2.612500e-01,-2.889189e-02,1.723186e-05
2.614583e-01,-2.889201e-02,1.737385e-05
2.616667e-01,-2.889698e-02,1.751612e-05
2.618750e-01,-2.890674e-02,1.765867e-05
2.620833e-01,-2.892118e-02,1.780150e-05
2.622917e-01,-2.894015e-02,1.794461e-05
2.625000e-01,-2.896343e-02,1.808798e-05
2.627083e-01,-2.899078e-02,1.823162e-05
2.629167e-01,-2.902188e-02,1.837552e-05
2.631250e-01,-2.905641e-02,1.851968e-05
2.633333e-01,-2.909398e-02,1.866409e-05
2.635417e-01,-2.913418e-02,1.880876e-05
2.637500e-01,-2.917657e-02,1.895367e-05
2.639583e-01,-2.922069e-02,1.909883e-05
2.641667e-01,-2.926605e-02,1.924423e-05
2.643750e-01,-2.931215e-02,1.938987e-05
2.645833e-01,-2.935849e-02,1.953574e-05
2.647917e-01,-2.940457e-02,1.968185e-05
2.650000e-01,-2.944987e-02,1.982819e-05
2.652083e-01,-2.949391e-02,1.997476e-05
2.654167e-01,-2.953619e-02,2.012155e-05
2.656250e-01,-2.957626e-02,2.026857e-05
2.658333e-01,-2.961367e-02,2.041581e-05
2.660417e-01,-2.964802e-02,2.056326e-05
2.662500e-01,-2.967893e-02,2.071094e-05
2.664583e-01,-2.970606e-02,2.085883e-05
2.666667e-01,-2.972911e-02,2.100693e-05
2.668750e-01,-2.974783e-02,2.115524e-05
2.670833e-01,-2.976202e-02,2.130376e-05
2.672917e-01,-2.977152e-02,2.145249e-05
2.675000e-01,-2.977622e-02,2.160142e-05
2.677083e-01,-2.977608e-02,2.175056e-05
2.679167e-01,-2.977110e-02,2.189989e-05
2.681250e-01,-2.976132e-02,2.204942e-05
2.683333e-01,-2.974686e-02,2.219915e-05
2.685417e-01,-2.972788e-02,2.234908e-05
2.687500e-01,-2.970458e-02,2.249919e-05
2.689583e-01,-2.967722e-02,2.264950e-05
2.691667e-01,-2.964610e-02,2.280000e-05
2.693750e-01,-2.961155e-02,2.295068e-05
2.695833e-01,-2.957397e-02,2.310154e-05
2.697917e-01,-2.953375e-02,2.325258e-05
2.700000e-01,-2.949134e-02,2.340381e-05
2.702083e-01,-2.944721e-02,2.355521e-05
2.704167e-01,-2.940183e-02,2.370678e-05
2.706250e-01,-2.935571e-02,2.385853e-05
2.708333e-01,-2.930935e-02,2.401045e-05
2.710417e-01,-2.926326e-02,2.416254e-05
2.712500e-01,-2.921794e-02,2.431479e-05
2.714583e-01,-2.917389e-02,2.446721e-05
2.716667e-01,-2.913159e-02,2.461979e-05
2.718750e-01,-2.909151e-02,2.477253e-05
2.720833e-01,-2.905408e-02,2.492543e-05
2.722917e-01,-2.901971e-02,2.507849e-05
2.725000e-01,-2.898879e-02,2.523171e-05
2.727083e-01,-2.896164e-02,2.538508e-05
2.729167e-01,-2.893858e-02,2.553861e-05
2.731250e-01,-2.891984e-02,2.569230e-05
2.733333e-01,-2.890563e-02,2.584613e-05
2.735417e-01,-2.889612e-02,2.600013e-05
2.737500e-01,-2.889140e-02,2.615427e-05
2.739583e-01,-2.889153e-02,2.630857e-05
2.741667e-01,-2.889650e-02,2.646303e-05
2.743750e-01,-2.890626e-02,2.661764e-05
2.745833e-01,-2.892070e-02,2.677241e-05
2.747917e-01,-2.893967e-02,2.692734e-05
2.750000e-01,-2.896296e-02,2.708243e-05
2.752083e-01,-2.899030e-02,2.723768e-05
2.754167e-01,-2.902141e-02,2.739310e-05
2.756250e-01,-2.905594e-02,2.754868e-05
2.758333e-01,-2.909352e-02,2.770444e-05
2.760417e-01,-2.913372e-02,2.786036e-05
2.762500e-01,-2.917611e-02,2.801647e-05
2.764583e-01,-2.922023e-02,2.817275e-05
2.766667e-01,-2.926560e-02,2.832922e-05
2.768750e-01,-2.931171e-02,2.848588e-05
2.770833e-01,-2.935805e-02,2.864273e-05
2.772917e-01,-2.940414e-02,2.879978e-05
2.775000e-01,-2.944944e-02,2.895703e-05
2.777083e-01,-2.949348e-02,2.911449e-05
2.779167e-01,-2.953577e-02,2.927216e-05
2.781250e-01,-2.957585e-02,2.943004e-05
2.783333e-01,-2.961327e-02,2.958814e-05
2.785417e-01,-2.964762e-02,2.974647e-05
2.787500e-01,-2.967854e-02,2.990503e-05
2.789583e-01,-2.970567e-02,3.006383e-05
2.791667e-01,-2.972873e-02,3.022287e-05
2.793750e-01,-2.974746e-02,3.038215e-05
2.795833e-01,-2.976166e-02,3.054168e-05
2.797917e-01,-2.977117e-02,3.070146e-05
2.800000e-01,-2.977588e-02,3.086151e-05
2.802083e-01,-2.977575e-02,3.102181e-05
2.804167e-01,-2.977077e-02,3.118238e-05
2.806250e-01,-2.976100e-02,3.134322e-05
2.808333e-01,-2.974655e-02,3.150434e-05
2.810417e-01,-2.972758e-02,3.166573e-05
2.812500e-01,-2.970429e-02,3.182740e-05
2.814583e-01,-2.967693e-02,3.198935e-05
2.816667e-01,-2.964582e-02,3.215158e-05
2.818750e-01,-2.961129e-02,3.231410e-05
2.820833e-01,-2.957371e-02,3.247690e-05
2.822917e-01,-2.953350e-02,3.263999e-05
2.825000e-01,-2.949111e-02,3.280336e-05
2.827083e-01,-2.944698e-02,3.296703e-05
2.829167e-01,-2.940162e-02,3.313098e-05
2.831250e-01,-2.935551e-02,3.329521e-05
2.833333e-01,-2.930916e-02,3.345973e-05
2.835417e-01,-2.926308e-02,3.362454e-05
2.837500e-01,-2.921777e-02,3.378962e-05
2.839583e-01,-2.917373e-02,3.395498e-05
2.841667e-01,-2.913144e-02,3.412062e-05
2.843750e-01,-2.909137e-02,3.428653e-05
2.845833e-01,-2.905395e-02,3.445271e-05
2.847917e-01,-2.901960e-02,3.461915e-05
2.850000e-01,-2.898869e-02,3.478586e-05
2.852083e-01,-2.896155e-02,3.495282e-05
2.854167e-01,-2.893850e-02,3.512002e-05
2.856250e-01,-2.891977e-02,3.528748e-05
2.858333e-01,-2.890558e-02,3.545517e-05
2.860417e-01,-2.889608e-02,3.562309e-05
2.862500e-01,-2.889137e-02,3.579123e-05
2.864583e-01,-2.889151e-02,3.595960e-05
2.866667e-01,-2.889649e-02,3.612818e-05
2.868750e-01,-2.890627e-02,3.629696e-05
2.870833e-01,-2.892072e-02,3.646593e-05
2.872917e-01,-2.893970e-02,3.663510e-05
2.875000e-01,-2.896300e-02,3.680444e-05
2.877083e-01,-2.899036e-02,3.697395e-05
2.879167e-01,-2.902149e-02,3.714363e-05
2.881250e-01,-2.905603e-02,3.731345e-05
2.883333e-01,-2.909361e-02,3.748342e-05
2.885417e-01,-2.913383e-02,3.765352e-05
2.887500e-01,-2.917624e-02,3.782375e-05
2.889583e-01,-2.922037e-02,3.799408e-05
2.891667e-01,-2.926575e-02,3.816452e-05
2.893750e-01,-2.931187e-02,3.833505e-05
2.895833e-01,-2.935824e-02,3.850566e-05
2.897917e-01,-2.940433e-02,3.867633e-05
2.900000e-01,-2.944965e-02,3.884707e-05
2.902083e-01,-2.949371e-02,3.901784e-05
2.904167e-01,-2.953601e-02,3.918865e-05
2.906250e-01,-2.957610e-02,3.935948e-05
2.908333e-01,-2.961353e-02,3.953032e-05
2.910417e-01,-2.964790e-02,3.970115e-05
2.912500e-01,-2.967883e-02,3.987196e-05
2.914583e-01,-2.970598e-02,4.004274e-05
2.916667e-01,-2.972905e-02,4.021348e-05
2.918750e-01,-2.974780e-02,4.038415e-05
2.920833e-01,-2.976201e-02,4.055474e-05
2.922917e-01,-2.977153e-02,4.072524e-05
2.925000e-01,-2.977625e-02,4.089564e-05
2.927083e-01,-2.977614e-02,4.106592e-05
2.929167e-01,-2.977117e-02,4.123605e-05
2.931250e-01,-2.976142e-02,4.140604e-05
2.933333e-01,-2.974698e-02,4.157585e-05
2.935417e-01,-2.972802e-02,4.174548e-05
2.937500e-01,-2.970475e-02,4.191491e-05
2.939583e-01,-2.967741e-02,4.208411e-05
2.941667e-01,-2.964631e-02,4.225308e-05
2.943750e-01,-2.961179e-02,4.242179e-05
2.945833e-01,-2.957423e-02,4.259023e-05
2.947917e-01,-2.953404e-02,4.275838e-05
2.950000e-01,-2.949166e-02,4.292622e-05
2.952083e-01,-2.944755e-02,4.309373e-05
2.954167e-01,-2.940220e-02,4.326090e-05
2.956250e-01,-2.935610e-02,4.342770e-05
2.958333e-01,-2.930977e-02,4.359413e-05
2.960417e-01,-2.926370e-02,4.376015e-05
2.962500e-01,-2.921840e-02,4.392576e-05
2.964583e-01,-2.917438e-02,4.409093e-05
2.966667e-01,-2.913211e-02,4.425565e-05
2.968750e-01,-2.909205e-02,4.441990e-05
2.970833e-01,-2.905465e-02,4.458366e-05
2.972917e-01,-2.902031e-02,4.474691e-05
2.975000e-01,-2.898941e-02,4.490964e-05
2.977083e-01,-2.896229e-02,4.507183e-05
2.979167e-01,-2.893925e-02,4.523346e-05
2.981250e-01,-2.892053e-02,4.539452e-05
2.983333e-01,-2.890636e-02,4.555500e-05
2.985417e-01,-2.889687e-02,4.571487e-05
2.987500e-01,-2.889218e-02,4.587413e-05
2.989583e-01,-2.889233e-02,4.603275e-05
2.991667e-01,-2.889733e-02,4.619073e-05
2.993750e-01,-2.890711e-02,4.634805e-05
2.995833e-01,-2.892159e-02,4.650471e-05
2.997917e-01,-2.894058e-02,4.666068e-05
3.000000e-01,-2.896389e-02,4.681596e-05
3.002083e-01,-2.899127e-02,4.697053e-05
3.004167e-01,-2.902240e-02,4.712440e-05
3.006250e-01,-2.905696e-02,4.727754e-05
3.008333e-01,-2.909456e-02,4.742996e-05
3.010417e-01,-2.913479e-02,4.758164e-05
3.012500e-01,-2.917721e-02,4.773258e-05
3.014583e-01,-2.922136e-02,4.788276e-05
3.016667e-01,-2.926675e-02,4.803220e-05
3.018750e-01,-2.931289e-02,4.818088e-05
3.020833e-01,-2.935926e-02,4.832880e-05
3.022917e-01,-2.940537e-02,4.847595e-05
3.025000e-01,-2.945071e-02,4.862234e-05
3.027083e-01,-2.949477e-02,4.876797e-05
3.029167e-01,-2.953709e-02,4.891283e-05
3.031250e-01,-2.957719e-02,4.905692e-05
3.033333e-01,-2.961464e-02,4.920025e-05
3.035417e-01,-2.964902e-02,4.934282e-05
3.037500e-01,-2.967996e-02,4.948464e-05
3.039583e-01,-2.970713e-02,4.962569e-05
3.041667e-01,-2.973021e-02,4.976600e-05
3.043750e-01,-2.974897e-02,4.990556e-05
3.045833e-01,-2.976319e-02,5.004438e-05
3.047917e-01,-2.977273e-02,5.018247e-05
3.050000e-01,-2.977747e-02,5.031983e-05
3.052083e-01,-2.977736e-02,5.045648e-05
3.054167e-01,-2.977241e-02,5.059241e-05
3.056250e-01,-2.976267e-02,5.072765e-05
3.058333e-01,-2.974825e-02,5.086219e-05
3.060417e-01,-2.972930e-02,5.099605e-05
3.062500e-01,-2.970603e-02,5.112925e-05
3.064583e-01,-2.967871e-02,5.126178e-05
3.066667e-01,-2.964762e-02,5.139367e-05
3.068750e-01,-2.961311e-02,5.152492e-05
3.070833e-01,-2.957556e-02,5.165555e-05
3.072917e-01,-2.953538e-02,5.178557e-05
3.075000e-01,-2.949301e-02,5.191499e-05
3.077083e-01,-2.944892e-02,5.204384e-05
3.079167e-01,-2.940358e-02,5.217212e-05
3.081250e-01,-2.935749e-02,5.229985e-05
3.083333e-01,-2.931117e-02,5.242705e-05
3.085417e-01,-2.926511e-02,5.255373e-05
3.087500e-01,-2.921983e-02,5.267990e-05
3.089583e-01,-2.917582e-02,5.280559e-05
3.091667e-01,-2.913356e-02,5.293082e-05
3.093750e-01,-2.909351e-02,5.305559e-05
3.095833e-01,-2.905612e-02,5.317994e-05
3.097917e-01,-2.902179e-02,5.330387e-05
3.100000e-01,-2.899090e-02,5.342740e-05
3.102083e-01,-2.896379e-02,5.355056e-05
3.104167e-01,-2.894076e-02,5.367337e-05
3.106250e-01,-2.892206e-02,5.379585e-05
3.108333e-01,-2.890789e-02,5.391800e-05
3.110417e-01,-2.889841e-02,5.403987e-05
3.112500e-01,-2.889373e-02,5.416146e-05
3.114583e-01,-2.889389e-02,5.428281e-05
3.116667e-01,-2.889890e-02,5.440392e-05
3.118750e-01,-2.890870e-02,5.452482e-05
3.120833e-01,-2.892318e-02,5.464554e-05
3.122917e-01,-2.894218e-02,5.476610e-05
3.125000e-01,-2.896551e-02,5.488652e-05
3.127083e-01,-2.899289e-02,5.500682e-05
3.129167e-01,-2.902403e-02,5.512702e-05
3.131250e-01,-2.905860e-02,5.524715e-05
3.133333e-01,-2.909621e-02,5.536723e-05
3.135417e-01,-2.913645e-02,5.548729e-05
3.137500e-01,-2.917888e-02,5.560734e-05
3.139583e-01,-2.922304e-02,5.572741e-05
3.141667e-01,-2.926844e-02,5.584752e-05
3.143750e-01,-2.931458e-02,5.596770e-05
3.145833e-01,-2.936096e-02,5.608797e-05
3.147917e-01,-2.940708e-02,5.620834e-05
3.150000e-01,-2.945242e-02,5.632885e-05
3.152083e-01,-2.949650e-02,5.644951e-05
3.154167e-01,-2.953882e-02,5.657035e-05
3.156250e-01,-2.957893e-02,5.669138e-05
3.158333e-01,-2.961638e-02,5.681263e-05
3.160417e-01,-2.965077e-02,5.693411e-05
3.162500e-01,-2.968172e-02,5.705585e-05
3.164583e-01,-2.970890e-02,5.717787e-05
3.166667e-01,-2.973199e-02,5.730017e-05
3.168750e-01,-2.975075e-02,5.742279e-05
3.170833e-01,-2.976498e-02,5.754573e-05
3.172917e-01,-2.977452e-02,5.766902e-05
3.175000e-01,-2.977927e-02,5.779267e-05
3.177083e-01,-2.977917e-02,5.791668e-05
3.179167e-01,-2.977423e-02,5.804108e-05
3.181250e-01,-2.976449e-02,5.816588e-05
3.183333e-01,-2.975008e-02,5.829109e-05
3.185417e-01,-2.973113e-02,5.841672e-05
3.187500e-01,-2.970788e-02,5.854278e-05
3.189583e-01,-2.968056e-02,5.866927e-05
3.191667e-01,-2.964948e-02,5.879621e-05
3.193750e-01,-2.961497e-02,5.892359e-05
3.195833e-01,-2.957743e-02,5.905143e-05
3.197917e-01,-2.953725e-02,5.917973e-05
3.200000e-01,-2.949489e-02,5.930848e-05
3.202083e-01,-2.945080e-02,5.943770e-05
3.204167e-01,-2.940546e-02,5.956738e-05
3.206250e-01,-2.935938e-02,5.969751e-05
3.208333e-01,-2.931306e-02,5.982810e-05
3.210417e-01,-2.926701e-02,5.995914e-05
3.212500e-01,-2.922173e-02,6.009063e-05
3.214583e-01,-2.917773e-02,6.022255e-05
3.216667e-01,-2.913547e-02,6.035491e-05
3.218750e-01,-2.909542e-02,6.048768e-05
3.220833e-01,-2.905804e-02,6.062087e-05
3.222917e-01,-2.902371e-02,6.075446e-05
3.225000e-01,-2.899283e-02,6.088843e-05
3.227083e-01,-2.896572e-02,6.102277e-05
3.229167e-01,-2.894269e-02,6.115747e-05
3.231250e-01,-2.892400e-02,6.129250e-05
3.233333e-01,-2.890983e-02,6.142786e-05
3.235417e-01,-2.890036e-02,6.156351e-05
3.237500e-01,-2.889568e-02,6.169945e-05
3.239583e-01,-2.889584e-02,6.183564e-05
3.241667e-01,-2.890085e-02,6.197206e-05
3.243750e-01,-2.891065e-02,6.210869e-05
3.245833e-01,-2.892513e-02,6.224551e-05
3.247917e-01,-2.894414e-02,6.238248e-05
3.250000e-01,-2.896747e-02,6.251959e-05
3.252083e-01,-2.899485e-02,6.265679e-05
3.254167e-01,-2.902600e-02,6.279406e-05
3.256250e-01,-2.906057e-02,6.293137e-05
3.258333e-01,-2.909818e-02,6.306868e-05
3.260417e-01,-2.913842e-02,6.320597e-05
3.262500e-01,-2.918085e-02,6.334319e-05
3.264583e-01,-2.922501e-02,6.348032e-05
3.266667e-01,-2.927041e-02,6.361731e-05
3.268750e-01,-2.931655e-02,6.375412e-05
3.270833e-01,-2.936294e-02,6.389072e-05
3.272917e-01,-2.940905e-02,6.402707e-05
3.275000e-01,-2.945440e-02,6.416313e-05
3.277083e-01,-2.949847e-02,6.429885e-05
3.279167e-01,-2.954080e-02,6.443419e-05
3.281250e-01,-2.958090e-02,6.456911e-05
3.283333e-01,-2.961836e-02,6.470355e-05
3.285417e-01,-2.965275e-02,6.483749e-05
3.287500e-01,-2.968370e-02,6.497086e-05
3.289583e-01,-2.971087e-02,6.510362e-05
3.291667e-01,-2.973396e-02,6.523572e-05
3.293750e-01,-2.975272e-02,6.536711e-05
3.295833e-01,-2.976695e-02,6.549773e-05
3.297917e-01,-2.977649e-02,6.562755e-05
3.300000e-01,-2.978124e-02,6.575650e-05
3.302083e-01,-2.978114e-02,6.588453e-05
3.304167e-01,-2.977619e-02,6.601159e-05
3.306250e-01,-2.976645e-02,6.613761e-05
3.308333e-01,-2.975204e-02,6.626255e-05
3.310417e-01,-2.973309e-02,6.638635e-05
3.312500e-01,-2.970983e-02,6.650895e-05
3.314583e-01,-2.968251e-02,6.663028e-05
3.316667e-01,-2.965143e-02,6.675030e-05
3.318750e-01,-2.961692e-02,6.686895e-05
3.320833e-01,-2.957937e-02,6.698615e-05
3.322917e-01,-2.953920e-02,6.710186e-05
3.325000e-01,-2.949683e-02,6.721600e-05
3.327083e-01,-2.945273e-02,6.732853e-05
3.329167e-01,-2.940740e-02,6.743937e-05
3.331250e-01,-2.936131e-02,6.754847e-05
3.333333e-01,-2.931499e-02,6.765575e-05
3.335417e-01,-2.926894e-02,6.776117e-05
3.337500e-01,-2.922365e-02,6.786465e-05
3.339583e-01,-2.917964e-02,6.796613e-05
3.341667e-01,-2.913738e-02,6.806556e-05
3.343750e-01,-2.909733e-02,6.816286e-05
3.345833e-01,-2.905994e-02,6.825797e-05
3.347917e-01,-2.902561e-02,6.835084e-05
3.350000e-01,-2.899472e-02,6.844139e-05
3.352083e-01,-2.896761e-02,6.852957e-05
3.354167e-01,-2.894458e-02,6.861531e-05
3.356250e-01,-2.892587e-02,6.869856e-05
3.358333e-01,-2.891170e-02,6.877925e-05
3.360417e-01,-2.890222e-02,6.885732e-05
3.362500e-01,-2.889754e-02,6.893271e-05
3.364583e-01,-2.889770e-02,6.900537e-05
3.366667e-01,-2.890270e-02,6.907523e-05
3.368750e-01,-2.891249e-02,6.914223e-05
3.370833e-01,-2.892697e-02,6.920633e-05
3.372917e-01,-2.894597e-02,6.926746e-05
3.375000e-01,-2.896929e-02,6.932558e-05
3.377083e-01,-2.899667e-02,6.938062e-05
3.379167e-01,-2.902781e-02,6.943253e-05
3.381250e-01,-2.906237e-02,6.948127e-05
3.383333e-01,-2.909997e-02,6.952679e-05
3.385417e-01,-2.914020e-02,6.956902e-05
3.387500e-01,-2.918263e-02,6.960794e-05
3.389583e-01,-2.922678e-02,6.964348e-05
3.391667e-01,-2.927217e-02,6.967562e-05
3.393750e-01,-2.931831e-02,6.970429e-05
3.395833e-01,-2.936468e-02,6.972947e-05
3.397917e-01,-2.941079e-02,6.975110e-05
3.400000e-01,-2.945613e-02,6.976916e-05
3.402083e-01,-2.950020e-02,6.978361e-05
3.404167e-01,-2.954251e-02,6.979440e-05
3.406250e-01,-2.958261e-02,6.980151e-05
3.408333e-01,-2.962006e-02,6.980490e-05
3.410417e-01,-2.965444e-02,6.980454e-05
3.412500e-01,-2.968538e-02,6.980041e-05
3.414583e-01,-2.971254e-02,6.979247e-05
3.416667e-01,-2.973562e-02,6.978070e-05
3.418750e-01,-2.975437e-02,6.976508e-05
3.420833e-01,-2.976859e-02,6.974558e-05
3.422917e-01,-2.977812e-02,6.972219e-05
3.425000e-01,-2.978286e-02,6.969488e-05
3.427083e-01,-2.978275e-02,6.966364e-05
3.429167e-01,-2.977779e-02,6.962845e-05
3.431250e-01,-2.976804e-02,6.958931e-05
3.433333e-01,-2.975361e-02,6.954620e-05
3.435417e-01,-2.973466e-02,6.949911e-05
3.437500e-01,-2.971139e-02,6.944803e-05
3.439583e-01,-2.968406e-02,6.939296e-05
3.441667e-01,-2.965296e-02,6.933390e-05
3.443750e-01,-2.961845e-02,6.927085e-05
3.445833e-01,-2.958089e-02,6.920379e-05
3.447917e-01,-2.954070e-02,6.913275e-05
3.450000e-01,-2.949832e-02,6.905772e-05
3.452083e-01,-2.945421e-02,6.897871e-05
3.454167e-01,-2.940886e-02,6.889573e-05
3.456250e-01,-2.936277e-02,6.880879e-05
3.458333e-01,-2.931643e-02,6.871790e-05
3.460417e-01,-2.927036e-02,6.862308e-05
3.462500e-01,-2.922507e-02,6.852435e-05
3.464583e-01,-2.918104e-02,6.842172e-05
3.466667e-01,-2.913877e-02,6.831522e-05
3.468750e-01,-2.909871e-02,6.820488e-05
3.470833e-01,-2.906130e-02,6.809071e-05
3.472917e-01,-2.902696e-02,6.797274e-05
3.475000e-01,-2.899605e-02,6.785101e-05
3.477083e-01,-2.896893e-02,6.772556e-05
3.479167e-01,-2.894588e-02,6.759641e-05
3.481250e-01,-2.892717e-02,6.746360e-05
3.483333e-01,-2.891298e-02,6.732717e-05
3.485417e-01,-2.890349e-02,6.718717e-05
3.487500e-01,-2.889879e-02,6.704364e-05
3.489583e-01,-2.889893e-02,6.689662e-05
3.491667e-01,-2.890392e-02,6.674617e-05
3.493750e-01,-2.891370e-02,6.659233e-05
3.495833e-01,-2.892816e-02,6.643516e-05
3.497917e-01,-2.894715e-02,6.627472e-05
3.500000e-01,-2.897045e-02,6.611106e-05
3.502083e-01,-2.899781e-02,6.594425e-05
3.504167e-01,-2.902894e-02,6.577434e-05
3.506250e-01,-2.906348e-02,6.560139e-05
3.508333e-01,-2.910107e-02,6.542549e-05
3.510417e-01,-2.914129e-02,6.524669e-05
3.512500e-01,-2.918370e-02,6.506506e-05
3.514583e-01,-2.922783e-02,6.488068e-05
3.516667e-01,-2.927321e-02,6.469363e-05
3.518750e-01,-2.931933e-02,6.450397e-05
3.520833e-01,-2.936569e-02,6.431179e-05
3.522917e-01,-2.941178e-02,6.411717e-05
3.525000e-01,-2.945710e-02,6.392019e-05
3.527083e-01,-2.950115e-02,6.372093e-05
3.529167e-01,-2.954345e-02,6.351948e-05
3.531250e-01,-2.958353e-02,6.331592e-05
3.533333e-01,-2.962096e-02,6.311035e-05
3.535417e-01,-2.965532e-02,6.290285e-05
3.537500e-01,-2.968624e-02,6.269351e-05
3.539583e-01,-2.971338e-02,6.248243e-05
3.541667e-01,-2.973645e-02,6.226969e-05
3.543750e-01,-2.975518e-02,6.205541e-05
3.545833e-01,-2.976939e-02,6.183966e-05
3.547917e-01,-2.977890e-02,6.162254e-05
3.550000e-01,-2.978361e-02,6.140417e-05
3.552083e-01,-2.978348e-02,6.118462e-05
3.554167e-01,-2.977851e-02,6.096400e-05
3.556250e-01,-2.976874e-02,6.074242e-05
3.558333e-01,-2.975429e-02,6.051997e-05
3.560417e-01,-2.973532e-02,6.029675e-05
3.562500e-01,-2.971203e-02,6.007287e-05
3.564583e-01,-2.968468e-02,5.984842e-05
3.566667e-01,-2.965356e-02,5.962351e-05
3.568750e-01,-2.961903e-02,5.939823e-05
3.570833e-01,-2.958145e-02,5.917271e-05
3.572917e-01,-2.954124e-02,5.894702e-05
3.575000e-01,-2.949884e-02,5.872129e-05
3.577083e-01,-2.945471e-02,5.849560e-05
3.579167e-01,-2.940934e-02,5.827007e-05
3.581250e-01,-2.936322e-02,5.804479e-05
3.583333e-01,-2.931687e-02,5.781986e-05
3.585417e-01,-2.927078e-02,5.759540e-05
3.587500e-01,-2.922546e-02,5.737149e-05
3.589583e-01,-2.918142e-02,5.714825e-05
3.591667e-01,-2.913912e-02,5.692576e-05
3.593750e-01,-2.909904e-02,5.670413e-05
3.595833e-01,-2.906161e-02,5.648346e-05
3.597917e-01,-2.902724e-02,5.626384e-05
3.600000e-01,-2.899632e-02,5.604538e-05
3.602083e-01,-2.896918e-02,5.582817e-05
3.604167e-01,-2.894611e-02,5.561230e-05
3.606250e-01,-2.892737e-02,5.539787e-05
3.608333e-01,-2.891316e-02,5.518497e-05
3.610417e-01,-2.890364e-02,5.497370e-05
3.612500e-01,-2.889892e-02,5.476415e-05
3.614583e-01,-2.889904e-02,5.455640e-05
3.616667e-01,-2.890401e-02,5.435054e-05
3.618750e-01,-2.891376e-02,5.414667e-05
3.620833e-01,-2.892820e-02,5.394486e-05
3.622917e-01,-2.894716e-02,5.374521e-05
3.625000e-01,-2.897044e-02,5.354779e-05
3.627083e-01,-2.899778e-02,5.335268e-05
3.629167e-01,-2.902888e-02,5.315997e-05
3.631250e-01,-2.906340e-02,5.296973e-05
3.633333e-01,-2.910097e-02,5.278203e-05
3.635417e-01,-2.914116e-02,5.259696e-05
3.637500e-01,-2.918354e-02,5.241458e-05
3.639583e-01,-2.922765e-02,5.223496e-05
3.641667e-01,-2.927300e-02,5.205816e-05
3.643750e-01,-2.931910e-02,5.188426e-05
3.645833e-01,-2.936544e-02,5.171332e-05
3.647917e-01,-2.941150e-02,5.154539e-05
3.650000e-01,-2.945680e-02,5.138053e-05
3.652083e-01,-2.950082e-02,5.121880e-05
3.654167e-01,-2.954309e-02,5.106025e-05
3.656250e-01,-2.958315e-02,5.090493e-05
3.658333e-01,-2.962055e-02,5.075288e-05
3.660417e-01,-2.965489e-02,5.060415e-05
3.662500e-01,-2.968578e-02,5.045879e-05
3.664583e-01,-2.971290e-02,5.031682e-05
3.666667e-01,-2.973594e-02,5.017828e-05
3.668750e-01,-2.975465e-02,5.004321e-05
3.670833e-01,-2.976882e-02,4.991163e-05
3.672917e-01,-2.977831e-02,4.978357e-05
3.675000e-01,-2.978300e-02,4.965905e-05
3.677083e-01,-2.978284e-02,4.953808e-05
3.679167e-01,-2.977784e-02,4.942068e-05
3.681250e-01,-2.976805e-02,4.930686e-05
3.683333e-01,-2.975357e-02,4.919664e-05
3.685417e-01,-2.973457e-02,4.909000e-05
3.687500e-01,-2.971125e-02,4.898696e-05
3.689583e-01,-2.968387e-02,4.888750e-05
3.691667e-01,-2.965273e-02,4.879163e-05
3.693750e-01,-2.961816e-02,4.869933e-05
3.695833e-01,-2.958056e-02,4.861058e-05
3.697917e-01,-2.954032e-02,4.852536e-05
3.700000e-01,-2.949789e-02,4.844366e-05
3.702083e-01,-2.945373e-02,4.836544e-05
3.704167e-01,-2.940833e-02,4.829067e-05
3.706250e-01,-2.936219e-02,4.821932e-05
3.708333e-01,-2.931580e-02,4.815135e-05
3.710417e-01,-2.926969e-02,4.808672e-05
3.712500e-01,-2.922434e-02,4.802539e-05
3.714583e-01,-2.918026e-02,4.796729e-05
3.716667e-01,-2.913794e-02,4.791237e-05
3.718750e-01,-2.909783e-02,4.786058e-05
3.720833e-01,-2.906037e-02,4.781186e-05
3.722917e-01,-2.902597e-02,4.776614e-05
3.725000e-01,-2.899502e-02,4.772334e-05
3.727083e-01,-2.896784e-02,4.768340e-05
3.729167e-01,-2.894474e-02,4.764623e-05
3.731250e-01,-2.892597e-02,4.761176e-05
3.733333e-01,-2.891174e-02,4.757990e-05
3.735417e-01,-2.890219e-02,4.755056e-05
3.737500e-01,-2.889744e-02,4.752364e-05
3.739583e-01,-2.889753e-02,4.749906e-05
3.741667e-01,-2.890246e-02,4.747670e-05
3.743750e-01,-2.891219e-02,4.745648e-05
3.745833e-01,-2.892659e-02,4.743827e-05
3.747917e-01,-2.894552e-02,4.742197e-05
3.750000e-01,-2.896877e-02,4.740747e-05
3.752083e-01,-2.899608e-02,4.739464e-05
